Indice;Data de Referencia;Numero Indice;Variacao Diaria (%);Variacao no Mes (%);Variacao no Ano (%);Variacao 12 Meses (%);Variacao 24 Meses (%);Duration (d.u.);PMR
IMA-B;2019-01-02;6240,024303;0,4352;0,4352;0,4352;12,971;27,2708;1984,0;1984,0
IMA-B;2019-01-03;6269,792372;0,4771;0,9144;0,9144;13,1949;28,1305;1993,0;1993,0
IMA-B;2019-01-04;6302,765314;0,5259;1,4451;1,4451;13,5271;29,2056;2009,0;2009,0
IMA-B;2019-01-07;6301,331505;-0,0227;1,422;1,422;13,5926;29,1829;2009,0;2009,0
IMA-B;2019-01-08;6309,586255;0,131;1,5549;1,5549;13,5384;29,3522;2011,0;2011,0
IMA-B;2019-01-09;6352,211208;0,6756;2,2409;2,2409;14,199;30,2529;2028,0;2028,0
IMA-B;2019-01-10;6357,362892;0,0811;2,3238;2,3238;14,0076;30,203;2029,0;2029,0
IMA-B;2019-01-11;6363,23589;0,0924;2,4184;2,4184;13,7728;30,5659;2030,0;2030,0
IMA-B;2019-01-14;6389,072264;0,406;2,8342;2,8342;13,9691;28,6827;2038,0;2038,0
IMA-B;2019-01-15;6385,115354;-0,0619;2,7705;2,7705;13,7967;28,603;2035,0;2035,0
IMA-B;2019-01-16;6390,058589;0,0774;2,8501;2,8501;13,8448;28,3051;2035,0;2035,0
IMA-B;2019-01-17;6395,619724;0,087;2,9396;2,9396;13,9428;28,3558;2035,0;2035,0
IMA-B;2019-01-18;6399,400988;0,0591;3,0005;3,0005;13,8839;28,9714;2035,0;2035,0
IMA-B;2019-01-21;6401,464966;0,0323;3,0337;3,0337;13,9254;29,0043;2034,0;2034,0
IMA-B;2019-01-22;6408,404071;0,1084;3,1454;3,1454;14,1265;29,1441;2032,0;2032,0
IMA-B;2019-01-23;6420,017773;0,1812;3,3323;3,3323;14,483;29,4416;2033,0;2033,0
IMA-B;2019-01-24;6411,682606;-0,1298;3,1981;3,1981;13,4331;28,893;2028,0;2028,0
IMA-B;2019-01-25;6413,761022;0,0324;3,2316;3,2316;13,4293;28,8782;2027,0;2027,0
IMA-B;2019-01-28;6412,98663;-0,0121;3,2191;3,2191;12,7353;28,7946;2025,0;2025,0
IMA-B;2019-01-29;6436,211995;0,3622;3,593;3,593;13,2048;29,2611;2032,0;2032,0
IMA-B;2019-01-30;6445,09511;0,138;3,7359;3,7359;13,477;29,9311;2036,0;2036,0
IMA-B;2019-01-31;6484,247792;0,6075;4,3661;4,3661;14,1137;30,6523;2046,0;2046,0
IMA-B;2019-02-01;6516,036269;0,4902;0,4902;4,8777;14,5035;30,8665;2056,0;2056,0
IMA-B;2019-02-04;6507,953336;-0,124;0,3656;4,7477;14,6977;29,8938;2052,0;2052,0
IMA-B;2019-02-05;6494,124084;-0,2125;0,1523;4,5251;14,7905;29,6178;2045,0;2045,0
IMA-B;2019-02-06;6471,868439;-0,3427;-0,1909;4,1669;14,2924;28,9615;2033,0;2033,0
IMA-B;2019-02-07;6450,229964;-0,3343;-0,5246;3,8186;13,9167;28,1939;2024,0;2024,0
IMA-B;2019-02-08;6413,698301;-0,5664;-1,088;3,2306;13,5778;26,5747;2012,0;2012,0
IMA-B;2019-02-11;6414,462788;0,0119;-1,0762;3,2429;13,9986;26,0114;2009,0;2009,0
IMA-B;2019-02-12;6442,673072;0,4398;-0,6412;3,6969;14,5;26,5656;2019,0;2019,0
IMA-B;2019-02-13;6465,988586;0,3619;-0,2816;4,0722;14,9143;26,9341;2025,0;2025,0
IMA-B;2019-02-14;6488,523973;0,3485;0,0659;4,4349;14,9141;27,2638;2031,0;2031,0
IMA-B;2019-02-15;6529,936599;0,6382;0,7046;5,1015;15,1107;28,0637;2074,0;2074,0
IMA-B;2019-02-18;6516,189467;-0,2105;0,4926;4,8802;14,5253;28,0553;2070,0;2070,0
IMA-B;2019-02-19;6523,696898;0,1152;0,6084;5,0011;14,6407;28,2028;2071,0;2071,0
IMA-B;2019-02-20;6500,658568;-0,3531;0,2531;4,6302;14,3667;27,7036;2061,0;2061,0
IMA-B;2019-02-21;6501,23949;0,0089;0,262;4,6396;14,4405;27,2213;2058,0;2058,0
IMA-B;2019-02-22;6502,409194;0,018;0,2801;4,6584;14,4973;26,8766;2054,0;2054,0
IMA-B;2019-02-25;6499,394122;-0,0464;0,2336;4,6099;14,1752;26,1037;2051,0;2051,0
IMA-B;2019-02-26;6500,887233;0,023;0,2566;4,6339;13,8093;26,1326;2051,0;2051,0
IMA-B;2019-02-27;6518,149721;0,2655;0,5228;4,9118;14,0223;26,4676;2055,0;2055,0
IMA-B;2019-02-28;6519,685739;0,0236;0,5465;4,9365;14,1113;26,4974;2055,0;2055,0
IMA-B;2019-03-01;6518,24123;-0,0222;-0,0222;4,9132;13,9924;26,138;2052,0;2052,0
IMA-B;2019-03-06;6515,137604;-0,0476;-0,0698;4,8633;13,6063;26,107;2049,0;2049,0
IMA-B;2019-03-07;6516,082307;0,0145;-0,0553;4,8785;13,6238;26,0715;2048,0;2048,0
IMA-B;2019-03-08;6531,984483;0,244;0,1886;5,1344;13,8736;26,6331;2051,0;2051,0
IMA-B;2019-03-11;6568,074116;0,5525;0,7422;5,7153;14,5392;26,8778;2062,0;2062,0
IMA-B;2019-03-12;6576,460909;0,1277;0,8708;5,8503;14,6827;27,0398;2060,0;2060,0
IMA-B;2019-03-13;6598,634298;0,3372;1,2109;6,2072;14,8923;27,3296;2063,0;2063,0
IMA-B;2019-03-14;6594,898388;-0,0566;1,1536;6,1471;14,6887;27,8725;2061,0;2061,0
IMA-B;2019-03-15;6603,395887;0,1288;1,284;6,2838;14,8409;27,5016;2062,0;2062,0
IMA-B;2019-03-18;6617,345947;0,2113;1,4979;6,5084;14,8637;27,3091;2062,0;2062,0
IMA-B;2019-03-19;6623,661524;0,0954;1,5948;6,61;15,2113;27,4306;2060,0;2060,0
IMA-B;2019-03-20;6637,613177;0,2106;1,8088;6,8346;15,8216;27,74;2063,0;2063,0
IMA-B;2019-03-21;6619,403858;-0,2743;1,5295;6,5415;15,2042;27,2358;2055,0;2055,0
IMA-B;2019-03-22;6558,218508;-0,9243;0,591;5,5567;13,5282;26,1951;2035,0;2035,0
IMA-B;2019-03-25;6562,576117;0,0664;0,6579;5,6268;13,648;26,1769;2034,0;2034,0
IMA-B;2019-03-26;6538,95585;-0,3599;0,2956;5,2466;13,1431;25,7227;2024,0;2024,0
IMA-B;2019-03-27;6456,801903;-1,2564;-0,9645;3,9244;11,9336;23,8392;1990,0;1990,0
IMA-B;2019-03-28;6546,135957;1,3836;0,4057;5,3622;13,7784;25,8822;2023,0;2023,0
IMA-B;2019-03-29;6557,492193;0,1735;0,5799;5,545;13,7092;25,94;2027,0;2027,0
IMA-B;2019-04-01;6582,527324;0,3818;0,3818;5,9479;14,1434;26,3961;2033,0;2033,0
IMA-B;2019-04-02;6585,14352;0,0397;0,4217;5,9901;14,4109;26,4463;2031,0;2031,0
IMA-B;2019-04-03;6565,165546;-0,3034;0,117;5,6685;14,3909;25,9685;2021,0;2021,0
IMA-B;2019-04-04;6571,014733;0,0891;0,2062;5,7626;14,6972;26,1564;2020,0;2020,0
IMA-B;2019-04-05;6583,693647;0,193;0,3996;5,9667;14,5494;26,611;2023,0;2023,0
IMA-B;2019-04-08;6576,364132;-0,1113;0,2878;5,8487;14,617;26,8849;2020,0;2020,0
IMA-B;2019-04-09;6555,771174;-0,3131;-0,0262;5,5173;14,3032;26,4876;2012,0;2012,0
IMA-B;2019-04-10;6571,71741;0,2432;0,2169;5,774;14,6245;26,2928;2013,0;2013,0
IMA-B;2019-04-11;6564,488001;-0,11;0,1067;5,6576;14,1955;26,2655;2010,0;2010,0
IMA-B;2019-04-12;6556,238561;-0,1257;-0,0191;5,5248;13,7661;25,8828;2006,0;2006,0
IMA-B;2019-04-15;6561,524195;0,0806;0,0615;5,6099;13,9978;26,237;2005,0;2005,0
IMA-B;2019-04-16;6559,506801;-0,0307;0,0307;5,5774;13,8399;26,1982;1999,0;1999,0
IMA-B;2019-04-17;6556,779525;-0,0416;-0,0109;5,5335;13,7552;26,0153;1997,0;1997,0
IMA-B;2019-04-18;6574,696928;0,2733;0,2624;5,8219;13,8347;25,9772;2000,0;2000,0
IMA-B;2019-04-22;6583,46003;0,1333;0,396;5,963;14,149;26,4909;2001,0;2001,0
IMA-B;2019-04-23;6616,612202;0,5036;0,9016;6,4966;15,0562;27,1279;2009,0;2009,0
IMA-B;2019-04-24;6611,93092;-0,0708;0,8302;6,4212;14,9867;27,0158;2006,0;2006,0
IMA-B;2019-04-25;6628,700758;0,2536;1,0859;6,6911;15,27;27,9234;2011,0;2011,0
IMA-B;2019-04-26;6640,917488;0,1843;1,2722;6,8878;15,2487;28,2098;2014,0;2014,0
IMA-B;2019-04-29;6636,501136;-0,0665;1,2049;6,8167;15,1162;27,844;2010,0;2010,0
IMA-B;2019-04-30;6656,202901;0,2969;1,5053;7,1338;15,5871;28,2235;2016,0;2016,0
IMA-B;2019-05-02;6654,309133;-0,0285;-0,0285;7,1033;15,7608;27,848;2013,0;2013,0
IMA-B;2019-05-03;6679,168155;0,3736;0,345;7,5034;16,1771;28,2672;2017,0;2017,0
IMA-B;2019-05-06;6679,047263;-0,0018;0,3432;7,5015;16,1026;28,36;2015,0;2015,0
IMA-B;2019-05-07;6674,909572;-0,062;0,281;7,4349;16,2544;28,2804;2012,0;2012,0
IMA-B;2019-05-08;6696,579186;0,3246;0,6066;7,7836;17,2036;28,8067;2018,0;2018,0
IMA-B;2019-05-09;6714,977166;0,2747;0,883;8,0798;18,0836;28,962;2024,0;2024,0
IMA-B;2019-05-10;6734,698037;0,2937;1,1793;8,3972;17,7119;28,7261;2030,0;2030,0
IMA-B;2019-05-13;6724,002868;-0,1588;1,0186;8,225;17,7458;27,3999;2025,0;2025,0
IMA-B;2019-05-14;6749,770001;0,3832;1,4057;8,6398;18,6363;27,8882;2031,0;2031,0
IMA-B;2019-05-15;6746,831916;-0,0435;1,3616;8,5925;18,4845;27,0697;2048,0;2048,0
IMA-B;2019-05-16;6721,3694;-0,3774;0,979;8,1827;17,9301;25,6278;2187,0;2187,0
IMA-B;2019-05-17;6688,471128;-0,4895;0,4848;7,6531;18,0636;25,2495;2176,0;2176,0
IMA-B;2019-05-20;6713,368276;0,3722;0,8588;8,0539;19,5078;33,0514;2184,0;2184,0
IMA-B;2019-05-21;6742,733813;0,4374;1,3;8,5265;19,782;33,6334;2191,0;2191,0
IMA-B;2019-05-22;6752,669589;0,1474;1,4493;8,6864;19,535;34,5555;2192,0;2192,0
IMA-B;2019-05-23;6756,520911;0,057;1,5071;8,7484;19,7922;32,8142;2191,0;2191,0
IMA-B;2019-05-24;6760,461414;0,0583;1,5663;8,8119;20,1995;32,5672;2190,0;2190,0
IMA-B;2019-05-27;6773,9276;0,1992;1,7686;9,0286;20,9636;32,1299;2193,0;2193,0
IMA-B;2019-05-28;6818,510319;0,6582;2,4384;9,7462;22,0042;32,9995;2203,0;2203,0
IMA-B;2019-05-29;6855,874709;0,548;2,9998;10,3476;23,2017;33,3899;2214,0;2214,0
IMA-B;2019-05-30;6882,197776;0,3839;3,3953;10,7712;23,4075;34,5721;2222,0;2222,0
IMA-B;2019-05-31;6900,08605;0,2599;3,664;11,0592;23,7283;34,52;2227,0;2227,0
IMA-B;2019-06-03;6926,187327;0,3783;0,3783;11,4793;23,947;36,4245;2238,0;2238,0
IMA-B;2019-06-04;6938,516796;0,178;0,557;11,6777;24,2708;36,6674;2240,0;2240,0
IMA-B;2019-06-05;6908,316313;-0,4353;0,1193;11,1916;24,8389;36,6169;2227,0;2227,0
IMA-B;2019-06-06;6933,705388;0,3675;0,4872;11,6003;25,7159;36,4994;2231,0;2231,0
IMA-B;2019-06-07;6959,304473;0,3692;0,8582;12,0123;27,306;36,8607;2234,0;2234,0
IMA-B;2019-06-10;6967,965941;0,1245;0,9838;12,1517;26,5416;36,9013;2231,0;2231,0
IMA-B;2019-06-11;6986,803463;0,2703;1,2568;12,4549;26,9444;37,2714;2236,0;2236,0
IMA-B;2019-06-12;6968,438852;-0,2628;0,9906;12,1593;26,5769;36,759;2231,0;2231,0
IMA-B;2019-06-13;6982,304635;0,199;1,1916;12,3825;27,1376;37,0866;2234,0;2234,0
IMA-B;2019-06-14;6988,264333;0,0854;1,2779;12,4784;28,4406;36,3938;2232,0;2232,0
IMA-B;2019-06-17;6999,878951;0,1662;1,4463;12,6654;27,3554;35,9993;2237,0;2237,0
IMA-B;2019-06-18;7019,713782;0,2834;1,7337;12,9846;27,5921;36,3847;2241,0;2241,0
IMA-B;2019-06-19;7031,290667;0,1649;1,9015;13,1709;26,8708;36,1893;2242,0;2242,0
IMA-B;2019-06-21;7104,733448;1,0445;2,9659;14,353;28,7507;38,0072;2259,0;2259,0
IMA-B;2019-06-24;7118,651921;0,1959;3,1676;14,577;29,1165;38,676;2263,0;2263,0
IMA-B;2019-06-25;7100,094449;-0,2607;2,8986;14,2784;28,3994;38,3145;2260,0;2260,0
IMA-B;2019-06-26;7113,916937;0,1947;3,099;14,5008;28,4173;38,6656;2264,0;2264,0
IMA-B;2019-06-27;7126,775734;0,1808;3,2853;14,7078;29,1403;39,3227;2264,0;2264,0
IMA-B;2019-06-28;7157,766519;0,4349;3,7345;15,2066;29,0451;39,3577;2271,0;2271,0
IMA-B;2019-07-01;7172,412641;0,2046;0,2046;15,4423;29,0244;39,5996;2274,0;2274,0
IMA-B;2019-07-02;7154,490961;-0,2499;-0,0458;15,1539;28,3968;39,2508;2269,0;2269,0
IMA-B;2019-07-03;7170,438431;0,2229;0,177;15,4106;28,5586;39,217;2270,0;2270,0
IMA-B;2019-07-04;7183,034461;0,1757;0,353;15,6133;28,3916;39,6283;2270,0;2270,0
IMA-B;2019-07-05;7176,052216;-0,0972;0,2555;15,5009;28,4287;39,4574;2264,0;2264,0
IMA-B;2019-07-08;7198,362389;0,3109;0,5672;15,86;28,3874;40,1841;2269,0;2269,0
IMA-B;2019-07-09;7199,129535;0,0107;0,5779;15,8724;28,3001;40,1991;2268,0;2268,0
IMA-B;2019-07-10;7229,590183;0,4231;1,0034;16,3626;28,2635;40,6699;2271,0;2271,0
IMA-B;2019-07-11;7233,057468;0,048;1,0519;16,4184;28,74;40,4848;2269,0;2269,0
IMA-B;2019-07-12;7224,147192;-0,1232;0,9274;16,275;28,8887;39,4282;2264,0;2264,0
IMA-B;2019-07-15;7227,252391;0,043;0,9708;16,325;28,6032;38,8003;2265,0;2265,0
IMA-B;2019-07-16;7214,767786;-0,1727;0,7964;16,1241;28,496;38,5605;2256,0;2256,0
IMA-B;2019-07-17;7215,908194;0,0158;0,8123;16,1424;28,3264;38,0935;2254,0;2254,0
IMA-B;2019-07-18;7219,893074;0,0552;0,868;16,2066;28,3948;37,7391;2253,0;2253,0
IMA-B;2019-07-19;7221,970363;0,0288;0,897;16,24;28,2245;36,9895;2253,0;2253,0
IMA-B;2019-07-22;7230,231345;0,1144;1,0124;16,373;27,5016;36,4452;2254,0;2254,0
IMA-B;2019-07-23;7253,666873;0,3241;1,3398;16,7502;28,1152;36,8875;2262,0;2262,0
IMA-B;2019-07-24;7265,572845;0,1641;1,5061;16,9418;28,1393;37,2691;2266,0;2266,0
IMA-B;2019-07-25;7253,041129;-0,1725;1,3311;16,7401;27,4206;37,1951;2261,0;2261,0
IMA-B;2019-07-26;7264,418006;0,1569;1,49;16,9232;27,8646;37,6128;2265,0;2265,0
IMA-B;2019-07-29;7265,626175;0,0166;1,5069;16,9426;27,6723;36,2615;2264,0;2264,0
IMA-B;2019-07-30;7265,441736;-0,0025;1,5043;16,9397;27,6801;36,258;2264,0;2264,0
IMA-B;2019-07-31;7249,904721;-0,2138;1,2872;16,6896;27,4672;35,6837;2258,0;2258,0
IMA-B;2019-08-01;7253,471907;0,0492;0,0492;16,747;27,4178;35,4346;2255,0;2255,0
IMA-B;2019-08-02;7254,680015;0,0167;0,0659;16,7665;27,4295;35,0883;2253,0;2253,0
IMA-B;2019-08-05;7223,380751;-0,4314;-0,3659;16,2627;26,34;33,6643;2246,0;2246,0
IMA-B;2019-08-06;7265,84208;0,5878;0,2198;16,9461;26,9714;34,45;2256,0;2256,0
IMA-B;2019-08-07;7293,807741;0,3849;0,6056;17,3962;27,848;35,2741;2263,0;2263,0
IMA-B;2019-08-08;7318,531415;0,339;0,9466;17,7942;28,2736;35,6258;2271,0;2271,0
IMA-B;2019-08-09;7319,802;0,0174;0,9641;17,8146;28,7143;35,7419;2270,0;2270,0
IMA-B;2019-08-12;7300,977418;-0,2572;0,7045;17,5116;29,1136;35,8524;2263,0;2263,0
IMA-B;2019-08-13;7300,843472;-0,0018;0,7026;17,5095;28,863;35,85;2261,0;2261,0
IMA-B;2019-08-14;7284,055948;-0,2299;0,4711;17,2393;27,2;35,5851;2256,0;2256,0
IMA-B;2019-08-15;7289,027701;0,0683;0,5396;17,3193;26,8803;35,2732;2284,0;2284,0
IMA-B;2019-08-16;7309,010316;0,2741;0,8153;17,6409;27,2202;35,406;2282,0;2282,0
IMA-B;2019-08-19;7297,927694;-0,1516;0,6624;17,4625;27,126;35,4439;2278,0;2278,0
IMA-B;2019-08-20;7290,714481;-0,0988;0,5629;17,3465;27,4425;35,3101;2273,0;2273,0
IMA-B;2019-08-21;7307,9995;0,2371;0,8013;17,6247;29,1698;36,0033;2276,0;2276,0
IMA-B;2019-08-22;7302,061358;-0,0813;0,7194;17,5291;28,19;35,8566;2274,0;2274,0
IMA-B;2019-08-23;7288,949007;-0,1796;0,5385;17,318;28,5092;35,384;2271,0;2271,0
IMA-B;2019-08-26;7257,599563;-0,4301;0,1061;16,8135;27,6418;34,5147;2261,0;2261,0
IMA-B;2019-08-27;7230,081339;-0,3792;-0,2734;16,3705;26,7808;34,0047;2251,0;2251,0
IMA-B;2019-08-28;7184,902516;-0,6249;-0,8966;15,6434;26,3175;33,1218;2235,0;2235,0
IMA-B;2019-08-29;7176,342658;-0,1191;-1,0147;15,5056;26,1684;32,9496;2229,0;2229,0
IMA-B;2019-08-30;7220,768814;0,6191;-0,4019;16,2207;27,79;33,7706;2242,0;2242,0
IMA-B;2019-09-02;7200,689348;-0,2781;-0,2781;15,8975;27,1713;32,9796;2235,0;2235,0
IMA-B;2019-09-03;7222,038892;0,2965;0,0176;16,2411;28,1021;33,3738;2239,0;2239,0
IMA-B;2019-09-04;7256,499479;0,4772;0,4948;16,7957;29,1924;33,8688;2247,0;2247,0
IMA-B;2019-09-05;7253,59927;-0,04;0,4547;16,7491;29,2727;33,2765;2244,0;2244,0
IMA-B;2019-09-06;7256,674711;0,0424;0,4973;16,7986;28,9344;32,8653;2243,0;2243,0
IMA-B;2019-09-09;7254,716649;-0,027;0,4701;16,7671;28,8996;32,2625;2239,0;2239,0
IMA-B;2019-09-10;7244,093942;-0,1464;0,323;16,5961;28,6842;32,0689;2236,0;2236,0
IMA-B;2019-09-11;7263,083726;0,2621;0,586;16,9017;29,2862;32,5645;2240,0;2240,0
IMA-B;2019-09-12;7278,659578;0,2145;0,8017;17,1524;29,1004;33,0875;2243,0;2243,0
IMA-B;2019-09-13;7260,184754;-0,2538;0,5459;16,8551;29,1842;32,7324;2236,0;2236,0
IMA-B;2019-09-16;7285,504865;0,3488;0,8965;17,2626;29,4142;33,1686;2239,0;2239,0
IMA-B;2019-09-17;7322,213025;0,5039;1,4049;17,8534;29,5762;33,8395;2245,0;2245,0
IMA-B;2019-09-18;7334,23392;0,1642;1,5714;18,0469;29,766;33,9824;2247,0;2247,0
IMA-B;2019-09-19;7372,092526;0,5162;2,0957;18,6563;30,5819;34,4539;2251,0;2251,0
IMA-B;2019-09-20;7409,23845;0,5039;2,6101;19,2541;31,2011;35,003;2260,0;2260,0
IMA-B;2019-09-23;7399,999663;-0,1247;2,4822;19,1054;30,631;34,3765;2258,0;2258,0
IMA-B;2019-09-24;7384,545647;-0,2088;2,2681;18,8567;30,6567;34,0959;2253,0;2253,0
IMA-B;2019-09-25;7411,237404;0,3615;2,6378;19,2863;31,2128;34,6519;2260,0;2260,0
IMA-B;2019-09-26;7424,439728;0,1781;2,8206;19,4988;31,3217;34,5324;2261,0;2261,0
IMA-B;2019-09-27;7426,999752;0,0345;2,8561;19,54;31,1121;34,7327;2260,0;2260,0
IMA-B;2019-09-30;7427,372973;0,005;2,8612;19,546;31,371;34,7237;2258,0;2258,0
IMA-B;2019-10-01;7431,478574;0,0553;0,0553;19,6121;31,327;34,7981;2259,0;2259,0
IMA-B;2019-10-02;7424,928777;-0,0881;-0,0329;19,5067;30,5107;34,5447;2255,0;2255,0
IMA-B;2019-10-03;7440,684744;0,2122;0,1792;19,7603;29,8889;35,0164;2258,0;2258,0
IMA-B;2019-10-04;7440,707309;0,0003;0,1795;19,7606;29,1525;34,9194;2258,0;2258,0
IMA-B;2019-10-07;7423,704713;-0,2285;-0,0494;19,487;29,0206;34,2072;2252,0;2252,0
IMA-B;2019-10-08;7417,954979;-0,0775;-0,1268;19,3944;26,4834;34,1032;2248,0;2248,0
IMA-B;2019-10-09;7441,58911;0,3186;0,1914;19,7748;25,7684;34,7252;2254,0;2254,0
IMA-B;2019-10-10;7462,271313;0,2779;0,4699;20,1077;26,365;34,8676;2257,0;2257,0
IMA-B;2019-10-11;7516,80159;0,7307;1,204;20,9854;27,2493;35,9668;2273,0;2273,0
IMA-B;2019-10-14;7540,285239;0,3124;1,5202;21,3634;27,6469;36,3333;2275,0;2275,0
IMA-B;2019-10-15;7521,021838;-0,2555;1,2609;21,0533;26,4997;35,985;2268,0;2268,0
IMA-B;2019-10-16;7556,968952;0,478;1,7448;21,6319;26,2946;36,7543;2265,0;2265,0
IMA-B;2019-10-17;7591,696774;0,4595;2,2124;22,1909;26,1797;37,0747;2273,0;2273,0
IMA-B;2019-10-18;7595,929576;0,0558;2,2694;22,259;26,7292;37,0582;2273,0;2273,0
IMA-B;2019-10-21;7596,038147;0,0014;2,2709;22,2607;26,7765;36,6112;2273,0;2273,0
IMA-B;2019-10-22;7575,27346;-0,2734;1,9913;21,9265;25,6287;36,2377;2267,0;2267,0
IMA-B;2019-10-23;7601,666427;0,3484;2,3466;22,3513;26,0147;37,0357;2273,0;2273,0
IMA-B;2019-10-24;7597,31213;-0,0573;2,288;22,2812;26,292;37,4062;2270,0;2270,0
IMA-B;2019-10-25;7627,997914;0,4039;2,7012;22,7751;26,8035;37,8285;2277,0;2277,0
IMA-B;2019-10-28;7643,390074;0,2018;2,9084;23,0229;26,1104;38,829;2279,0;2279,0
IMA-B;2019-10-29;7654,045319;0,1394;3,0519;23,1944;26,5068;39,0225;2277,0;2277,0
IMA-B;2019-10-30;7669,971135;0,2081;3,2663;23,4507;26,6891;39,6674;2279,0;2279,0
IMA-B;2019-10-31;7677,133066;0,0934;3,3627;23,566;26,7401;39,7877;2284,0;2284,0
IMA-B;2019-11-01;7699,997998;0,2978;0,2978;23,934;26,9155;40,8013;2290,0;2290,0
IMA-B;2019-11-04;7698,099882;-0,0247;0,2731;23,9035;26,8842;41,4573;2289,0;2289,0
IMA-B;2019-11-05;7693,021442;-0,066;0,207;23,8217;26,765;41,364;2286,0;2286,0
IMA-B;2019-11-06;7661,151097;-0,4143;-0,2082;23,3088;26,1983;40,2401;2274,0;2274,0
IMA-B;2019-11-07;7636,840567;-0,3173;-0,5248;22,9175;26,0227;39,9755;2265,0;2265,0
IMA-B;2019-11-08;7604,457081;-0,424;-0,9467;22,3962;25,7287;39,1446;2250,0;2250,0
IMA-B;2019-11-11;7605,815125;0,0179;-0,929;22,4181;25,7941;39,6468;2247,0;2247,0
IMA-B;2019-11-12;7571,286471;-0,454;-1,3787;21,8623;25,3335;39,0129;2234,0;2234,0
IMA-B;2019-11-13;7563,399955;-0,1042;-1,4815;21,7354;25,4368;39,0369;2232,0;2232,0
IMA-B;2019-11-14;7576,815283;0,1774;-1,3067;21,9513;25,0853;39,561;2236,0;2236,0
IMA-B;2019-11-18;7572,001888;-0,0635;-1,3694;21,8739;24,2405;38,2912;2253,0;2253,0
IMA-B;2019-11-19;7569,108656;-0,0382;-1,4071;21,8273;24,2988;38,2384;2247,0;2247,0
IMA-B;2019-11-20;7571,34132;0,0295;-1,378;21,8632;24,3163;38,2223;2246,0;2246,0
IMA-B;2019-11-21;7533,803993;-0,4958;-1,867;21,2591;23,246;36,9975;2235,0;2235,0
IMA-B;2019-11-22;7557,65228;0,3166;-1,5563;21,6429;23,352;37,5746;2239,0;2239,0
IMA-B;2019-11-25;7541,523283;-0,2134;-1,7664;21,3833;22,9532;37,4524;2233,0;2233,0
IMA-B;2019-11-26;7504,317514;-0,4933;-2,251;20,7845;23,235;36,7743;2219,0;2219,0
IMA-B;2019-11-27;7478,873826;-0,3391;-2,5825;20,3749;22,8711;36,3947;2210,0;2210,0
IMA-B;2019-11-28;7491,825719;0,1732;-2,4138;20,5834;22,7677;36,4934;2212,0;2212,0
IMA-B;2019-11-29;7488,693065;-0,0418;-2,4546;20,533;22,642;37,0657;2210,0;2210,0
IMA-B;2019-12-02;7472,617405;-0,2147;-0,2147;20,2742;22,2581;37,0058;2203,0;2203,0
IMA-B;2019-12-03;7496,053828;0,3136;0,0983;20,6515;22,6368;37,4355;2207,0;2207,0
IMA-B;2019-12-04;7523,843963;0,3707;0,4694;21,0987;23,4368;37,864;2212,0;2212,0
IMA-B;2019-12-05;7529,976763;0,0815;0,5513;21,1975;23,407;37,7646;2212,0;2212,0
IMA-B;2019-12-06;7567,635484;0,5001;1,0542;21,8036;23,8822;38,5836;2221,0;2221,0
IMA-B;2019-12-09;7582,033391;0,1903;1,2464;22,0353;24,0964;39,0868;2226,0;2226,0
IMA-B;2019-12-10;7599,224634;0,2267;1,476;22,312;24,5994;39,4022;2231,0;2231,0
IMA-B;2019-12-11;7621,104101;0,2879;1,7681;22,6642;24,884;39,763;2238,0;2238,0
IMA-B;2019-12-12;7649,101755;0,3674;2,142;23,1148;24,9604;40,582;2246,0;2246,0
IMA-B;2019-12-13;7646,989326;-0,0276;2,1138;23,0808;24,5757;40,2487;2241,0;2241,0
IMA-B;2019-12-16;7623,500452;-0,3072;1,8001;22,7028;23,9691;39,8932;2231,0;2231,0
IMA-B;2019-12-17;7575,03357;-0,6358;1,1529;21,9227;23,1933;39,0038;2215,0;2215,0
IMA-B;2019-12-18;7562,155306;-0,17;0,981;21,7154;23,0256;38,7104;2208,0;2208,0
IMA-B;2019-12-19;7495,087931;-0,8869;0,0854;20,6359;21,5173;37,6309;2186,0;2186,0
IMA-B;2019-12-20;7519,590057;0,3269;0,4126;21,0303;21,5739;37,5941;2190,0;2190,0
IMA-B;2019-12-23;7543,634105;0,3198;0,7337;21,4173;21,9856;38,0288;2194,0;2194,0
IMA-B;2019-12-24;7548,332461;0,0623;0,7964;21,4929;22,0345;38,1147;2193,0;2193,0
IMA-B;2019-12-26;7579,303351;0,4103;1,21;21,9914;22,5424;38,133;2201,0;2201,0
IMA-B;2019-12-27;7590,985761;0,1541;1,366;22,1794;22,507;38,3651;2202,0;2202,0
IMA-B;2019-12-30;7634,153434;0,5687;1,9424;22,8742;22,9013;38,92;2214,0;2214,0
IMA-B;2019-12-31;7638,884659;0,062;2,0056;22,9504;22,9504;39,0061;2213,0;2213,0
IMA-B;2020-01-02;7631,309292;-0,0992;-0,0992;-0,0992;22,2961;38,1592;2209,0;2209,0
IMA-B;2020-01-03;7615,49484;-0,2072;-0,3062;-0,3062;21,4633;37,4902;2200,0;2200,0
IMA-B;2020-01-06;7580,705969;-0,4568;-0,7616;-0,7616;20,2759;36,6555;2185,0;2185,0
IMA-B;2020-01-07;7585,211334;0,0594;-0,7026;-0,7026;20,3747;36,7368;2184,0;2184,0
IMA-B;2020-01-08;7606,03473;0,2745;-0,43;-0,43;20,5473;36,8674;2189,0;2189,0
IMA-B;2020-01-09;7618,900994;0,1692;-0,2616;-0,2616;19,9409;36,9713;2192,0;2192,0
IMA-B;2020-01-10;7627,381389;0,1113;-0,1506;-0,1506;19,9771;36,7831;2192,0;2192,0
IMA-B;2020-01-13;7611,053565;-0,2141;-0,3643;-0,3643;19,6098;35,767;2188,0;2188,0
IMA-B;2020-01-14;7640,276525;0,384;0,0182;0,0182;19,5835;36,2882;2194,0;2194,0
IMA-B;2020-01-15;7644,490661;0,0552;0,0734;0,0734;19,7236;36,2415;2189,0;2189,0
IMA-B;2020-01-16;7625,639594;-0,2466;-0,1734;-0,1734;19,336;35,8578;2182,0;2182,0
IMA-B;2020-01-17;7644,165516;0,2429;0,0691;0,0691;19,5219;36,1866;2186,0;2186,0
IMA-B;2020-01-20;7627,436355;-0,2188;-0,1499;-0,1499;19,1898;35,7438;2180,0;2180,0
IMA-B;2020-01-21;7624,852968;-0,0339;-0,1837;-0,1837;19,1111;35,6978;2179,0;2179,0
IMA-B;2020-01-22;7653,195955;0,3717;0,1873;0,1873;19,4244;36,2949;2184,0;2184,0
IMA-B;2020-01-23;7651,616688;-0,0206;0,1667;0,1667;19,1837;36,4451;2181,0;2181,0
IMA-B;2020-01-24;7658,321951;0,0876;0,2545;0,2545;19,4432;35,4882;2181,0;2181,0
IMA-B;2020-01-27;7649,341231;-0,1173;0,1369;0,1369;19,2645;34,4694;2175,0;2175,0
IMA-B;2020-01-28;7662,805701;0,176;0,3131;0,3131;19,4889;34,7061;2179,0;2179,0
IMA-B;2020-01-29;7679,531295;0,2183;0,5321;0,5321;19,3176;35,0732;2182,0;2182,0
IMA-B;2020-01-30;7669,658922;-0,1286;0,4029;0,4029;18,9999;35,0376;2178,0;2178,0
IMA-B;2020-01-31;7658,849428;-0,1409;0,2614;0,2614;18,1147;34,785;2173,0;2173,0
IMA-B;2020-02-03;7675,785129;0,2211;0,2211;0,4831;17,7984;35,2798;2177,0;2177,0
IMA-B;2020-02-04;7685,547287;0,1272;0,3486;0,6109;18,0947;35,4519;2178,0;2178,0
IMA-B;2020-02-05;7712,787901;0,3544;0,7043;0,9675;18,7656;36,3317;2186,0;2186,0
IMA-B;2020-02-06;7703,86594;-0,1157;0,5878;0,8507;19,0362;36,0493;2186,0;2186,0
IMA-B;2020-02-07;7695,543042;-0,108;0,4791;0,7417;19,3065;35,91;2185,0;2185,0
IMA-B;2020-02-10;7721,115297;0,3323;0,813;1,0765;20,3848;37,2206;2191,0;2191,0
IMA-B;2020-02-11;7745,110993;0,3108;1,1263;1,3906;20,7445;37,6471;2197,0;2197,0
IMA-B;2020-02-12;7769,8569;0,3195;1,4494;1,7145;20,5999;38,0869;2201,0;2201,0
IMA-B;2020-02-13;7760,17829;-0,1246;1,323;1,5878;20,0153;37,9148;2195,0;2195,0
IMA-B;2020-02-14;7806,503429;0,597;1,9279;2,1943;20,3125;38,2559;2205,0;2205,0
IMA-B;2020-02-17;7788,125448;-0,2354;1,6879;1,9537;19,268;36,8802;2225,0;2225,0
IMA-B;2020-02-18;7784,880826;-0,0417;1,6456;1,9112;19,4698;36,8232;2224,0;2224,0
IMA-B;2020-02-19;7803,808735;0,2431;1,8927;2,159;19,6225;37,1361;2225,0;2225,0
IMA-B;2020-02-20;7785,199988;-0,2385;1,6497;1,9154;19,7602;36,9657;2216,0;2216,0
IMA-B;2020-02-21;7755,861098;-0,3769;1,2667;1,5313;19,2982;36,5255;2205,0;2205,0
IMA-B;2020-02-26;7699,18861;-0,7307;0,5267;0,7894;18,4329;34,7877;2186,0;2186,0
IMA-B;2020-02-27;7691,316511;-0,1022;0,4239;0,6864;17,9985;34,5445;2179,0;2179,0
IMA-B;2020-02-28;7693,268698;0,0254;0,4494;0,7119;18,0006;34,652;2177,0;2177,0
IMA-B;2020-03-02;7753,178701;0,7787;0,7787;1,4962;18,9459;35,4531;2189,0;2189,0
IMA-B;2020-03-03;7767,591011;0,1859;0,9661;1,6849;19,167;35,7049;2188,0;2188,0
IMA-B;2020-03-04;7780,579161;0,1672;1,1349;1,8549;19,3662;35,9318;2188,0;2188,0
IMA-B;2020-03-05;7724,681569;-0,7184;0,4083;1,1232;18,5087;34,7496;2171,0;2171,0
IMA-B;2020-03-06;7714,027786;-0,1379;0,2698;0,9837;18,4016;34,5117;2168,0;2168,0
IMA-B;2020-03-09;7546,096981;-2,177;-1,913;-1,2147;15,5253;31,5947;2116,0;2116,0
IMA-B;2020-03-10;7559,163808;0,1732;-1,7431;-1,0436;15,7254;31,8226;2117,0;2117,0
IMA-B;2020-03-11;7236,983972;-4,2621;-5,931;-5,2612;10,1843;26,2042;1999,0;1999,0
IMA-B;2020-03-12;6905,351016;-4,5825;-10,2417;-9,6026;5,001;20,418;1916,0;1916,0
IMA-B;2020-03-13;7278,263509;5,4003;-5,3944;-4,7209;10,2995;26,7257;2036,0;2036,0
IMA-B;2020-03-16;7222,171906;-0,7707;-6,1235;-5,4552;9,3706;25,3623;2004,0;2004,0
IMA-B;2020-03-17;7267,882656;0,6329;-5,5293;-4,8568;10,0628;26,1557;2008,0;2008,0
IMA-B;2020-03-18;6985,643177;-3,8834;-9,198;-8,5515;5,5656;21,2566;1949,0;1949,0
IMA-B;2020-03-19;7000,827768;0,2174;-9,0006;-8,3527;5,6942;21,7716;1963,0;1963,0
IMA-B;2020-03-20;6964,912403;-0,513;-9,4674;-8,8229;4,931;21,5328;1954,0;1954,0
IMA-B;2020-03-23;6816,432288;-2,1318;-11,3974;-10,7667;3,9373;18,0442;1914,0;1914,0
IMA-B;2020-03-24;6922,354161;1,5539;-10,0206;-9,38;5,5524;19,8785;1940,0;1940,0
IMA-B;2020-03-25;7062,180632;2,0199;-8,2031;-7,5496;7,6129;22,3;1978,0;1978,0
IMA-B;2020-03-26;7148,058258;1,216;-7,0869;-6,4254;9,315;23,6824;2000,0;2000,0
IMA-B;2020-03-27;7145,845955;-0,0309;-7,1156;-6,4543;10,6716;23,8788;1991,0;1991,0
IMA-B;2020-03-30;7166,867139;0,2942;-6,8424;-6,1791;9,2928;24,276;1990,0;1990,0
IMA-B;2020-03-31;7156,882578;-0,1393;-6,9721;-6,3098;9,1405;24,1029;1978,0;1978,0
IMA-B;2020-04-01;7114,101207;-0,5978;-0,5978;-6,8699;8,0755;23,361;1961,0;1961,0
IMA-B;2020-04-02;7096,849036;-0,2425;-0,8388;-7,0957;7,7706;23,3013;1946,0;1946,0
IMA-B;2020-04-03;7033,455467;-0,8933;-1,7246;-7,9256;7,1329;22,5503;1919,0;1919,0
IMA-B;2020-04-06;7061,157322;0,3939;-1,3375;-7,563;7,2522;23,0663;1930,0;1930,0
IMA-B;2020-04-07;7083,573082;0,3175;-1,0243;-7,2695;7,5927;23,4569;1932,0;1932,0
IMA-B;2020-04-08;7111,100886;0,3886;-0,6397;-6,9092;8,1312;23,9367;1936,0;1936,0
IMA-B;2020-04-09;7155,877829;0,6297;-0,014;-6,323;9,1539;24,7664;1945,0;1945,0
IMA-B;2020-04-13;7165,333351;0,1321;0,1181;-6,1992;9,2903;24,4882;1944,0;1944,0
IMA-B;2020-04-14;7213,229933;0,6684;0,7873;-5,5722;10,0209;25,3203;1956,0;1956,0
IMA-B;2020-04-15;7268,046246;0,7599;1,5532;-4,8546;10,7677;26,2727;1978,0;1978,0
IMA-B;2020-04-16;7329,05964;0,8395;2,4058;-4,0559;11,7319;27,1954;2007,0;2007,0
IMA-B;2020-04-17;7377,309582;0,6583;3,0799;-3,4243;12,5142;27,9908;2025,0;2025,0
IMA-B;2020-04-20;7412,559207;0,4778;3,5725;-2,9628;12,7437;28,5246;2031,0;2031,0
IMA-B;2020-04-22;7428,619413;0,2167;3,7969;-2,7526;12,8376;28,803;2033,0;2033,0
IMA-B;2020-04-23;7339,654928;-1,1976;2,5538;-3,9172;10,9277;27,6292;2005,0;2005,0
IMA-B;2020-04-24;7054,00868;-3,8918;-1,4374;-7,6566;6,6861;22,6747;1924,0;1924,0
IMA-B;2020-04-27;7061,382271;0,1045;-1,3344;-7,56;6,3314;22,4862;1934,0;1934,0
IMA-B;2020-04-28;7232,832885;2,428;1,0612;-5,3156;8,9132;25,4602;1988,0;1988,0
IMA-B;2020-04-29;7270,434327;0,5199;1,5866;-4,8234;9,5522;26,1124;2001,0;2001,0
IMA-B;2020-04-30;7250,940209;-0,2681;1,3142;-5,0785;8,9351;25,915;1992,0;1992,0
IMA-B;2020-05-04;7244,106534;-0,0942;-0,0942;-5,168;8,4582;25,9251;1987,0;1987,0
IMA-B;2020-05-05;7253,364653;0,1278;0,0334;-5,0468;8,5968;26,0861;1988,0;1988,0
IMA-B;2020-05-06;7249,805271;-0,0491;-0,0157;-5,0934;8,5455;26,0242;1985,0;1985,0
IMA-B;2020-05-07;7195,93229;-0,7431;-0,7586;-5,7987;7,8057;25,3288;1963,0;1963,0
IMA-B;2020-05-08;7226,980208;0,4315;-0,3304;-5,3922;7,9205;26,4867;1969,0;1969,0
IMA-B;2020-05-11;7215,926339;-0,153;-0,4829;-5,5369;7,1455;26,36;1962,0;1962,0
IMA-B;2020-05-12;7155,892631;-0,832;-1,3108;-6,3228;6,2541;25,3088;1945,0;1945,0
IMA-B;2020-05-13;7123,463515;-0,4532;-1,7581;-6,7473;5,9408;24,7409;1934,0;1934,0
IMA-B;2020-05-14;7164,582067;0,5772;-1,191;-6,2091;6,1456;25,9272;1946,0;1946,0
IMA-B;2020-05-15;7187,844144;0,3247;-0,8702;-5,9045;6,5366;26,2293;1969,0;1969,0
IMA-B;2020-05-18;7233,982499;0,6419;-0,2339;-5,3005;8,156;28,7754;1978,0;1978,0
IMA-B;2020-05-19;7251,462508;0,2416;0,0072;-5,0717;8,4173;29,0866;1980,0;1980,0
IMA-B;2020-05-20;7277,886301;0,3644;0,3716;-4,7258;8,4089;29,557;1985,0;1985,0
IMA-B;2020-05-21;7305,013797;0,3727;0,7457;-4,3707;8,3391;29,7707;1987,0;1987,0
IMA-B;2020-05-22;7292,180511;-0,1757;0,5688;-4,5387;7,9896;29,0853;1980,0;1980,0
IMA-B;2020-05-25;7383,127999;1,2472;1,823;-3,3481;9,2104;31,8423;2002,0;2002,0
IMA-B;2020-05-26;7360,54703;-0,3058;1,5116;-3,6437;8,8764;31,439;1993,0;1993,0
IMA-B;2020-05-27;7364,806699;0,0579;1,5704;-3,5879;8,7228;31,5151;1992,0;1992,0
IMA-B;2020-05-28;7355,539542;-0,1258;1,4426;-3,7092;7,876;31,6133;1984,0;1984,0
IMA-B;2020-05-29;7361,036536;0,0747;1,5184;-3,6373;7,3683;32,2796;1984,0;1984,0
IMA-B;2020-06-01;7356,141395;-0,0665;-0,0665;-3,7014;6,6094;31,6412;1982,0;1982,0
IMA-B;2020-06-02;7409,32379;0,723;0,656;-3,0052;7,3802;32,5929;1998,0;1998,0
IMA-B;2020-06-03;7455,816015;0,6275;1,2876;-2,3965;7,6468;33,4249;2014,0;2014,0
IMA-B;2020-06-04;7455,425899;-0,0052;1,2823;-2,4016;7,4499;33,5288;2013,0;2013,0
IMA-B;2020-06-05;7471,639213;0,2175;1,5025;-2,1894;8,1543;35,0186;2016,0;2016,0
IMA-B;2020-06-08;7488,32764;0,2234;1,7293;-1,9709;7,6017;35,9916;2024,0;2024,0
IMA-B;2020-06-09;7476,965246;-0,1517;1,5749;-2,1197;7,4384;35,7852;2023,0;2023,0
IMA-B;2020-06-10;7493,547876;0,2218;1,8002;-1,9026;7,5428;36,0864;2024,0;2024,0
IMA-B;2020-06-12;7485,643458;-0,1055;1,6928;-2,0061;7,4221;35,9716;2018,0;2018,0
IMA-B;2020-06-15;7473,119461;-0,1673;1,5227;-2,17;6,9381;35,9655;2011,0;2011,0
IMA-B;2020-06-16;7448,389438;-0,3309;1,1867;-2,4938;6,5843;35,5156;1996,0;1996,0
IMA-B;2020-06-17;7485,997747;0,5049;1,6976;-2,0014;6,9447;36,1998;2006,0;2006,0
IMA-B;2020-06-18;7452,20987;-0,4513;1,2386;-2,4437;6,1612;35,4533;1992,0;1992,0
IMA-B;2020-06-19;7452,700573;0,0066;1,2453;-2,4373;5,9934;34,4746;1989,0;1989,0
IMA-B;2020-06-22;7410,791185;-0,5623;0,6759;-2,986;4,3078;34,4153;1971,0;1971,0
IMA-B;2020-06-23;7442,524832;0,4282;1,107;-2,5705;4,7545;34,9908;1982,0;1982,0
IMA-B;2020-06-24;7416,342469;-0,3518;0,7513;-2,9133;4,1818;34,5159;1972,0;1972,0
IMA-B;2020-06-25;7472,453863;0,7566;1,5136;-2,1787;5,2444;35,1332;1984,0;1984,0
IMA-B;2020-06-26;7451,665756;-0,2782;1,2312;-2,4509;4,7477;34,5142;1973,0;1973,0
IMA-B;2020-06-29;7492,031673;0,5417;1,7796;-1,9224;4,67;34,7741;1983,0;1983,0
IMA-B;2020-06-30;7511,804106;0,2639;2,0482;-1,6636;4,9462;35,1297;1990,0;1990,0
IMA-B;2020-07-01;7570,810664;0,7855;0,7855;-0,8912;5,5546;36,1912;2007,0;2007,0
IMA-B;2020-07-02;7574,348993;0,0467;0,8326;-0,8448;5,8685;35,9317;2006,0;2006,0
IMA-B;2020-07-03;7613,393913;0,5155;1,3524;-0,3337;6,1775;36,5004;2015,0;2015,0
IMA-B;2020-07-06;7631,513911;0,238;1,5936;-0,0965;6,347;36,113;2022,0;2022,0
IMA-B;2020-07-07;7610,650684;-0,2734;1,3159;-0,3696;6,0562;35,7409;2016,0;2016,0
IMA-B;2020-07-08;7616,803851;0,0808;1,3978;-0,2891;5,813;35,8506;2020,0;2020,0
IMA-B;2020-07-09;7648,694327;0,4187;1,8223;0,1284;6,2447;36,3121;2027,0;2027,0
IMA-B;2020-07-10;7685,873869;0,4861;2,3173;0,6151;6,3113;36,3586;2034,0;2034,0
IMA-B;2020-07-13;7675,070293;-0,1406;2,1735;0,4737;6,2419;36,5718;2027,0;2027,0
IMA-B;2020-07-14;7665,502207;-0,1247;2,0461;0,3484;6,1094;36,4015;2021,0;2021,0
IMA-B;2020-07-15;7665,599968;0,0013;2,0474;0,3497;6,0652;36,4032;2021,0;2021,0
IMA-B;2020-07-16;7676,727377;0,1452;2,1955;0,4954;6,403;36,7236;2016,0;2016,0
IMA-B;2020-07-17;7725,752191;0,6386;2,8482;1,1372;7,0656;37,3934;2032,0;2032,0
IMA-B;2020-07-20;7720,743621;-0,0648;2,7815;1,0716;6,9063;36,1515;2030,0;2030,0
IMA-B;2020-07-21;7727,376622;0,0859;2,8698;1,1584;6,9982;36,2685;2029,0;2029,0
IMA-B;2020-07-22;7741,467288;0,1823;3,0574;1,3429;7,0708;36,517;2028,0;2028,0
IMA-B;2020-07-23;7731,474083;-0,1291;2,9243;1,2121;6,5871;36,5543;2024,0;2024,0
IMA-B;2020-07-24;7751,690856;0,2615;3,1935;1,4767;6,6907;36,7127;2032,0;2032,0
IMA-B;2020-07-27;7783,247512;0,4071;3,6136;1,8898;7,1421;36,768;2039,0;2039,0
IMA-B;2020-07-28;7773,149293;-0,1297;3,4791;1,7576;7,0031;36,5905;2034,0;2034,0
IMA-B;2020-07-29;7777,218328;0,0523;3,5333;1,8109;7,0413;36,662;2037,0;2037,0
IMA-B;2020-07-30;7836,628605;0,7639;4,3242;2,5886;7,8617;37,718;2054,0;2054,0
IMA-B;2020-07-31;7841,277398;0,0593;4,3861;2,6495;8,157;37,8647;2054,0;2054,0
IMA-B;2020-08-03;7856,113865;0,1892;0,1892;2,8437;8,2903;37,4068;2058,0;2058,0
IMA-B;2020-08-04;7831,696628;-0,3108;-0,1222;2,5241;7,9537;36,9797;2047,0;2047,0
IMA-B;2020-08-05;7803,474837;-0,3604;-0,4821;2,1546;8,0308;36,4861;2035,0;2035,0
IMA-B;2020-08-06;7834,252556;0,3944;-0,0896;2,5575;7,8231;36,9045;2037,0;2037,0
IMA-B;2020-08-07;7790,660412;-0,5564;-0,6455;1,9869;6,812;36,557;2018,0;2018,0
IMA-B;2020-08-10;7757,369122;-0,4273;-1,0701;1,5511;5,9779;37,1847;2004,0;2004,0
IMA-B;2020-08-11;7743,940484;-0,1731;-1,2413;1,3753;5,7944;36,9472;1999,0;1999,0
IMA-B;2020-08-12;7713,549273;-0,3925;-1,6289;0,9774;5,6509;36,4097;1991,0;1991,0
IMA-B;2020-08-13;7684,182836;-0,3807;-2,0034;0,593;5,2506;35,6291;1979,0;1979,0
IMA-B;2020-08-14;7688,146325;0,0516;-1,9529;0,6449;5,5476;34,2566;1979,0;1979,0
IMA-B;2020-08-17;7687,975079;-0,0022;-1,9551;0,6426;5,1849;33,9204;2008,0;2008,0
IMA-B;2020-08-18;7765,260101;1,0053;-0,9695;1,6544;6,2423;35,2666;2134,0;2134,0
IMA-B;2020-08-19;7731,782451;-0,4311;-1,3964;1,2161;5,9449;34,6835;2124,0;2124,0
IMA-B;2020-08-20;7751,532337;0,2554;-1,1445;1,4747;6,3206;35,4976;2128,0;2128,0
IMA-B;2020-08-21;7754,228534;0,0348;-1,1101;1,51;6,106;37,0569;2128,0;2128,0
IMA-B;2020-08-24;7760,103215;0,0758;-1,0352;1,5869;6,464;36,4795;2129,0;2129,0
IMA-B;2020-08-25;7754,556293;-0,0715;-1,106;1,5142;6,3879;36,3819;2125,0;2125,0
IMA-B;2020-08-26;7703,974275;-0,6523;-1,751;0,8521;6,1504;35,4923;2107,0;2107,0
IMA-B;2020-08-27;7705,922459;0,0253;-1,7262;0,8776;6,5814;35,1248;2108,0;2108,0
IMA-B;2020-08-28;7732,345406;0,3429;-1,3892;1,2235;7,6194;35,9421;2111,0;2111,0
IMA-B;2020-08-31;7700,332909;-0,414;-1,7975;0,8044;6,6415;35,9955;2098,0;2098,0
IMA-B;2020-09-01;7719,169559;0,2446;0,2446;1,051;6,9023;36,3282;2101,0;2101,0
IMA-B;2020-09-02;7720,883562;0,0222;0,2669;1,0734;7,2242;36,3584;2100,0;2100,0
IMA-B;2020-09-03;7741,405255;0,2658;0,5334;1,3421;7,1914;37,3144;2101,0;2101,0
IMA-B;2020-09-04;7750,76038;0,1208;0,6549;1,4646;6,8113;37,9921;2100,0;2100,0
IMA-B;2020-09-08;7728,205497;-0,291;0,362;1,1693;6,4979;37,3125;2094,0;2094,0
IMA-B;2020-09-09;7748,38448;0,2611;0,624;1,4335;6,8048;37,671;2098,0;2098,0
IMA-B;2020-09-10;7714,750436;-0,4341;0,1872;0,9932;6,4971;37,0449;2087,0;2087,0
IMA-B;2020-09-11;7710,607378;-0,0537;0,1334;0,9389;6,1616;37,2523;2082,0;2082,0
IMA-B;2020-09-14;7725,449885;0,1925;0,3262;1,1332;6,4084;37,2291;2084,0;2084,0
IMA-B;2020-09-15;7704,605699;-0,2698;0,0555;0,8603;6,1213;36,8588;2075,0;2075,0
IMA-B;2020-09-16;7683,42194;-0,2749;-0,2196;0,583;5,4618;36,4825;2061,0;2061,0
IMA-B;2020-09-17;7680,38301;-0,0396;-0,2591;0,5433;4,8916;35,9145;2055,0;2055,0
IMA-B;2020-09-18;7581,649418;-1,2855;-1,5413;-0,7493;3,3734;34,1436;2028,0;2028,0
IMA-B;2020-09-21;7565,657656;-0,2109;-1,749;-0,9586;2,1111;33,5553;2027,0;2027,0
IMA-B;2020-09-22;7618,960009;0,7045;-1,0567;-0,2608;2,8305;34,4963;2041,0;2041,0
IMA-B;2020-09-23;7578,262211;-0,5342;-1,5853;-0,7936;2,409;33,7778;2027,0;2027,0
IMA-B;2020-09-24;7647,078596;0,9081;-0,6916;0,1073;3,5552;35,3017;2046,0;2046,0
IMA-B;2020-09-25;7634,433376;-0,1654;-0,8558;-0,0583;3,0116;35,1644;2040,0;2040,0
IMA-B;2020-09-28;7532,202686;-1,3391;-2,1834;-1,3966;1,4165;33,2251;2011,0;2011,0
IMA-B;2020-09-29;7542,475827;0,1364;-2,05;-1,2621;1,5548;33,4068;2014,0;2014,0
IMA-B;2020-09-30;7583,918769;0,5495;-1,5118;-0,7196;2,1077;34,1399;2023,0;2023,0
IMA-B;2020-10-01;7591,583446;0,1011;0,1011;-0,6192;2,1544;34,1563;2024,0;2024,0
IMA-B;2020-10-02;7531,947335;-0,7856;-0,6853;-1,3999;1,4413;32,3918;2007,0;2007,0
IMA-B;2020-10-05;7570,914227;0,5174;-0,1715;-0,8898;1,7499;31,579;2017,0;2017,0
IMA-B;2020-10-06;7559,247492;-0,1541;-0,3253;-1,0425;1,5931;31,3763;2012,0;2012,0
IMA-B;2020-10-07;7560,81187;0,0207;-0,3047;-1,022;1,8469;31,4034;2013,0;2013,0
IMA-B;2020-10-08;7591,029904;0,3997;0,0938;-0,6265;2,3332;29,4345;2020,0;2020,0
IMA-B;2020-10-09;7619,091455;0,3697;0,4638;-0,2591;2,3853;28,7683;2022,0;2022,0
IMA-B;2020-10-13;7621,059653;0,0258;0,4897;-0,2333;1,387;29,0143;2023,0;2023,0
IMA-B;2020-10-14;7629,079833;0,1052;0,5955;-0,1284;1,1776;29,15;2023,0;2023,0
IMA-B;2020-10-15;7602,987365;-0,342;0,2514;-0,4699;1,0898;27,8783;2019,0;2019,0
IMA-B;2020-10-16;7608,749558;0,0758;0,3274;-0,3945;0,6852;27,1599;2016,0;2016,0
IMA-B;2020-10-19;7636,913959;0,3702;0,6988;-0,0258;0,5396;27,4587;2022,0;2022,0
IMA-B;2020-10-20;7658,052843;0,2768;0,9775;0,2509;0,8178;27,8116;2026,0;2026,0
IMA-B;2020-10-21;7660,998042;0,0385;1,0164;0,2895;0,8552;27,8607;2022,0;2022,0
IMA-B;2020-10-22;7639,945666;-0,2748;0,7388;0,0139;0,8537;26,7012;2012,0;2012,0
IMA-B;2020-10-23;7622,034355;-0,2344;0,5026;-0,2206;0,2679;26,3524;2008,0;2008,0
IMA-B;2020-10-26;7620,986578;-0,0137;0,4888;-0,2343;-0,0919;25,7407;2006,0;2006,0
IMA-B;2020-10-27;7606,387071;-0,1916;0,2963;-0,4254;-0,2833;25,4999;2001,0;2001,0
IMA-B;2020-10-28;7605,871265;-0,0068;0,2895;-0,4322;-0,4909;25,4914;2000,0;2000,0
IMA-B;2020-10-29;7612,063775;0,0814;0,3711;-0,3511;-0,5485;25,8129;1999,0;1999,0
IMA-B;2020-10-30;7599,993205;-0,1586;0,212;-0,5091;-0,9124;25,5333;1996,0;1996,0
IMA-B;2020-11-03;7598,48954;-0,0198;-0,0198;-0,5288;-1,3183;25,2424;1995,0;1995,0
IMA-B;2020-11-04;7622,079253;0,3105;0,2906;-0,22;-0,9875;25,6312;1997,0;1997,0
IMA-B;2020-11-05;7660,039173;0,498;0,7901;0,2769;-0,4287;26,2216;2006,0;2006,0
IMA-B;2020-11-06;7705,896347;0,5987;1,3935;0,8772;0,5841;26,9354;2017,0;2017,0
IMA-B;2020-11-09;7736,067088;0,3915;1,7904;1,2722;1,7307;27,9483;2023,0;2023,0
IMA-B;2020-11-10;7709,349667;-0,3454;1,4389;0,9225;1,3794;27,5065;2010,0;2010,0
IMA-B;2020-11-11;7680,282095;-0,377;1,0564;0,5419;0,9791;27,0257;2000,0;2000,0
IMA-B;2020-11-12;7658,393427;-0,285;0,7684;0,2554;1,1505;26,7754;1991,0;1991,0
IMA-B;2020-11-13;7682,258774;0,3116;1,0824;0,5678;1,5715;27,408;1996,0;1996,0
IMA-B;2020-11-16;7684,354556;0,0273;1,11;0,5952;1,4193;26,0839;2012,0;2012,0
IMA-B;2020-11-17;7693,178304;0,1148;1,2261;0,7108;1,5358;26,2287;1967,0;1967,0
IMA-B;2020-11-18;7674,752636;-0,2395;0,9837;0,4695;1,357;25,9264;1962,0;1962,0
IMA-B;2020-11-19;7676,815752;0,0269;1,0108;0,4966;1,423;26,0675;1960,0;1960,0
IMA-B;2020-11-20;7650,431287;-0,3437;0,6637;0,1512;1,0446;25,6149;1951,0;1951,0
IMA-B;2020-11-23;7641,824224;-0,1125;0,5504;0,0385;1,1137;24,5884;1950,0;1950,0
IMA-B;2020-11-24;7661,088388;0,2521;0,8039;0,2907;1,3686;24,9025;1952,0;1952,0
IMA-B;2020-11-25;7682,630141;0,2812;1,0873;0,5727;1,8711;25,2537;1956,0;1956,0
IMA-B;2020-11-26;7707,368738;0,322;1,4128;0,8965;2,7058;26,5695;1961,0;1961,0
IMA-B;2020-11-27;7746,186058;0,5036;1,9236;1,4047;3,5742;27,2628;1968,0;1968,0
IMA-B;2020-11-30;7751,973763;0,0747;1,9997;1,4804;3,5157;26,8286;1970,0;1970,0
IMA-B;2020-12-01;7810,07193;0,7495;0,7495;2,241;4,2915;27,7791;1985,0;1985,0
IMA-B;2020-12-02;7833,810253;0,3039;1,0557;2,5518;4,8336;28,1675;1990,0;1990,0
IMA-B;2020-12-03;7903,195388;0,8857;1,9507;3,4601;5,4314;29,2978;2007,0;2007,0
IMA-B;2020-12-04;7907,003237;0,0482;1,9999;3,5099;5,0926;29,7229;2005,0;2005,0
IMA-B;2020-12-07;7899,01013;-0,1011;1,8968;3,4053;4,3788;29,2845;1999,0;1999,0
IMA-B;2020-12-08;7918,62231;0,2483;2,1498;3,662;4,638;29,6054;2000,0;2000,0
IMA-B;2020-12-09;7922,017647;0,0429;2,1936;3,7065;4,4841;29,661;1999,0;1999,0
IMA-B;2020-12-10;7963,115526;0,5188;2,7237;4,2445;4,7885;30,5659;2016,0;2016,0
IMA-B;2020-12-11;7998,554541;0,445;3,1809;4,7084;4,9527;31,0691;2023,0;2023,0
IMA-B;2020-12-14;7997,042743;-0,0189;3,1614;4,6886;4,5777;30,0435;2021,0;2021,0
IMA-B;2020-12-15;8020,495514;0,2933;3,4639;4,9956;4,8844;30,4248;2023,0;2023,0
IMA-B;2020-12-16;8016,644908;-0,048;3,4142;4,9452;5,157;30,3622;1979,0;1979,0
IMA-B;2020-12-17;8025,155961;0,1062;3,524;5,0566;5,9422;30,5137;1979,0;1979,0
IMA-B;2020-12-18;8035,967355;0,1347;3,6635;5,1982;6,2656;30,7338;1981,0;1981,0
IMA-B;2020-12-21;8036,206466;0,003;3,6666;5,2013;6,8703;29,9508;1979,0;1979,0
IMA-B;2020-12-22;8032,117289;-0,0509;3,6138;5,1478;6,8159;29,8847;1976,0;1976,0
IMA-B;2020-12-23;8059,845283;0,3452;3,9715;5,5108;6,843;30,3331;1980,0;1980,0
IMA-B;2020-12-24;8065,117868;0,0654;4,0395;5,5798;6,8464;30,3894;1979,0;1979,0
IMA-B;2020-12-28;8065,548335;0,0053;4,0451;5,5854;6,2517;29,8462;1979,0;1979,0
IMA-B;2020-12-29;8109,157884;0,5407;4,6077;6,1563;6,8262;30,5483;1990,0;1990,0
IMA-B;2020-12-30;8122,894467;0,1694;4,7849;6,3361;6,402;30,7694;1991,0;1991,0
IMA-B;2020-12-31;8128,201373;0,0653;4,8533;6,4056;6,4056;30,8261;1990,0;1990,0
IMA-B;2021-01-04;8131,67924;0,0428;0,0428;0,0428;6,7781;29,0176;1989,0;1989,0
IMA-B;2021-01-05;8118,084032;-0,1672;-0,1245;-0,1245;6,5996;28,8019;1984,0;1984,0
IMA-B;2021-01-06;8094,25179;-0,2936;-0,4177;-0,4177;6,7744;28,4238;1973,0;1973,0
IMA-B;2021-01-07;8053,193166;-0,5073;-0,9228;-0,9228;6,1697;27,8015;1961,0;1961,0
IMA-B;2021-01-08;8054,064661;0,0108;-0,9121;-0,9121;5,8905;27,6481;1961,0;1961,0
IMA-B;2021-01-11;8000,073939;-0,6704;-1,5763;-1,5763;4,8862;25,7234;1946,0;1946,0
IMA-B;2021-01-12;8051,545678;0,6434;-0,9431;-0,9431;5,5611;26,5323;1956,0;1956,0
IMA-B;2021-01-13;8029,656403;-0,2719;-1,2124;-1,2124;5,4999;26,1883;1950,0;1950,0
IMA-B;2021-01-14;8064,25071;0,4308;-0,7868;-0,7868;5,5492;26,2194;1957,0;1957,0
IMA-B;2021-01-15;8045,840725;-0,2283;-1,0133;-1,0133;5,2502;26,0093;1947,0;1947,0
IMA-B;2021-01-18;8040,97768;-0,0604;-1,0731;-1,0731;5,191;25,652;1934,0;1934,0
IMA-B;2021-01-19;8019,017906;-0,2731;-1,3433;-1,3433;4,9038;25,3089;1926,0;1926,0
IMA-B;2021-01-20;8011,394526;-0,0951;-1,4371;-1,4371;5,0339;25,1898;1923,0;1923,0
IMA-B;2021-01-21;7987,043903;-0,3039;-1,7366;-1,7366;4,7501;24,769;1917,0;1917,0
IMA-B;2021-01-22;7958,960296;-0,3516;-2,0821;-2,0821;3,9953;24,1957;1910,0;1910,0
IMA-B;2021-01-25;7960,742177;0,0224;-2,0602;-2,0602;3,9489;24,1197;1909,0;1909,0
IMA-B;2021-01-26;7979,475389;0,2353;-1,8298;-1,8298;4,1935;24,4118;1914,0;1914,0
IMA-B;2021-01-27;7998,037218;0,2326;-1,6014;-1,6014;4,5585;24,7012;1918,0;1918,0
IMA-B;2021-01-28;8027,932361;0,3738;-1,2336;-1,2336;4,7649;25,1824;1922,0;1922,0
IMA-B;2021-01-29;8058,994085;0,3869;-0,8514;-0,8514;5,2246;24,2857;1928,0;1928,0
IMA-B;2021-02-01;8051,459967;-0,0935;-0,0935;-0,9441;5,1262;23,5638;1923,0;1923,0
IMA-B;2021-02-02;8111,800545;0,7494;0,6552;-0,2018;5,9141;24,4898;1941,0;1941,0
IMA-B;2021-02-03;8129,432073;0,2174;0,874;0,0151;5,9101;24,7604;1945,0;1945,0
IMA-B;2021-02-04;8109,827268;-0,2412;0,6308;-0,2261;5,5205;24,6141;1938,0;1938,0
IMA-B;2021-02-05;8116,310334;0,0799;0,7112;-0,1463;5,2319;24,9793;1939,0;1939,0
IMA-B;2021-02-08;8113,558435;-0,0339;0,6771;-0,1801;5,4319;26,5036;1936,0;1936,0
IMA-B;2021-02-09;8088,286052;-0,3115;0,3635;-0,4911;5,1035;26,1095;1930,0;1930,0
IMA-B;2021-02-10;8106,158591;0,221;0,5852;-0,2712;4,9869;26,3882;1931,0;1931,0
IMA-B;2021-02-11;8106,439608;0,0035;0,5887;-0,2677;4,6652;26,3775;1930,0;1930,0
IMA-B;2021-02-12;8101,866745;-0,0564;0,532;-0,324;4,273;25,7532;1927,0;1927,0
IMA-B;2021-02-17;8080,5873;-0,2626;0,2679;-0,5858;3,7552;23,7468;1944,0;1944,0
IMA-B;2021-02-18;8087,570105;0,0864;0,3546;-0,4999;3,8882;24,115;1933,0;1933,0
IMA-B;2021-02-19;8072,298999;-0,1888;0,1651;-0,6878;3,4405;23,7381;1927,0;1927,0
IMA-B;2021-02-22;8012,672836;-0,7387;-0,5748;-1,4213;3,3112;23,2262;1910,0;1910,0
IMA-B;2021-02-23;8003,168238;-0,1186;-0,6927;-1,5383;3,1886;23,08;1903,0;1903,0
IMA-B;2021-02-24;7979,100725;-0,3007;-0,9914;-1,8344;2,8783;22,7099;1896,0;1896,0
IMA-B;2021-02-25;7953,143271;-0,3253;-1,3134;-2,1537;2,5437;22,3675;1892,0;1892,0
IMA-B;2021-02-26;7936,755992;-0,206;-1,5168;-2,3553;3,1649;21,7353;1894,0;1894,0
IMA-B;2021-03-01;7904,808238;-0,4025;-0,4025;-2,7484;2,7497;21,2721;1883,0;1883,0
IMA-B;2021-03-02;7885,662738;-0,2422;-0,6438;-2,9839;1,7088;20,9784;1876,0;1876,0
IMA-B;2021-03-03;7899,041553;0,1697;-0,4752;-2,8193;1,6923;21,1836;1882,0;1882,0
IMA-B;2021-03-04;7972,780021;0,9335;0,4539;-1,9121;2,4703;22,3149;1892,0;1892,0
IMA-B;2021-03-05;8045,034969;0,9063;1,3643;-1,0232;4,1471;23,4234;1902,0;1902,0
IMA-B;2021-03-08;7996,945972;-0,5977;0,7584;-1,6148;3,6676;22,4275;1891,0;1891,0
IMA-B;2021-03-09;7971,237248;-0,3215;0,4345;-1,9311;5,6339;22,0339;1880,0;1880,0
IMA-B;2021-03-10;7984,052027;0,1608;0,5959;-1,7734;5,6208;22,2301;1882,0;1882,0
IMA-B;2021-03-11;8003,268288;0,2407;0,838;-1,537;10,5884;21,8511;1882,0;1882,0
IMA-B;2021-03-12;7981,116161;-0,2768;0,5589;-1,8096;15,5787;21,3588;1876,0;1876,0
IMA-B;2021-03-15;7986,041972;0,0617;0,621;-1,749;9,7246;20,9384;1877,0;1877,0
IMA-B;2021-03-16;7994,727517;0,1088;0,7304;-1,6421;10,697;21,0699;1888,0;1888,0
IMA-B;2021-03-17;8001,187114;0,0808;0,8118;-1,5626;10,0897;21,1678;1887,0;1887,0
IMA-B;2021-03-18;7978,456951;-0,2841;0,5254;-1,8423;14,2122;20,5688;1887,0;1887,0
IMA-B;2021-03-19;7915,473258;-0,7894;-0,2682;-2,6172;13,0648;19,503;1870,0;1870,0
IMA-B;2021-03-22;7886,381546;-0,3675;-0,6347;-2,9751;13,2302;20,2519;1858,0;1858,0
IMA-B;2021-03-23;7857,890431;-0,3613;-0,9937;-3,3256;15,2786;19,8175;1849,0;1849,0
IMA-B;2021-03-24;7837,99248;-0,2532;-1,2444;-3,5704;13,2273;19,514;1843,0;1843,0
IMA-B;2021-03-25;7854,868148;0,2153;-1,0318;-3,3628;11,2244;19,6918;1849,0;1849,0
IMA-B;2021-03-26;7874,724234;0,2528;-0,7816;-3,1185;10,1659;20,4279;1851,0;1851,0
IMA-B;2021-03-29;7866,287205;-0,1071;-0,8879;-3,2223;10,082;19,9588;1850,0;1850,0
IMA-B;2021-03-30;7881,306083;0,1909;-0,6986;-3,0375;9,9686;20,1878;1849,0;1849,0
IMA-B;2021-03-31;7900,167454;0,2393;-0,461;-2,8055;10,3856;20,4754;1852,0;1852,0
IMA-B;2021-04-01;7898,129597;-0,0258;-0,0258;-2,8305;11,0208;19,9863;1848,0;1848,0
IMA-B;2021-04-05;7888,273373;-0,1248;-0,1506;-2,9518;12,1536;19,8153;1843,0;1843,0
IMA-B;2021-04-06;7875,412476;-0,163;-0,3133;-3,11;11,5315;19,62;1839,0;1839,0
IMA-B;2021-04-07;7869,163086;-0,0794;-0,3925;-3,1869;11,0903;19,525;1838,0;1838,0
IMA-B;2021-04-08;7924,921942;0,7086;0,3133;-2,5009;11,4444;20,5061;1849,0;1849,0
IMA-B;2021-04-09;7884,751457;-0,5069;-0,1951;-2,9951;10,1857;20,2719;1842,0;1842,0
IMA-B;2021-04-12;7887,920569;0,0402;-0,155;-2,9561;10,23;20,3117;1843,0;1843,0
IMA-B;2021-04-13;7854,528834;-0,4233;-0,5777;-3,367;9,6185;19,8024;1836,0;1836,0
IMA-B;2021-04-14;7870,792909;0,2071;-0,3718;-3,1669;9,1161;20,0504;1838,0;1838,0
IMA-B;2021-04-15;7890,065236;0,2449;-0,1279;-2,9298;8,5583;20,2474;1838,0;1838,0
IMA-B;2021-04-16;7922,739356;0,4141;0,2857;-2,5278;8,1004;20,7825;1848,0;1848,0
IMA-B;2021-04-19;7934,28897;0,1458;0,4319;-2,3857;7,5499;20,6792;1847,0;1847,0
IMA-B;2021-04-20;7897,548812;-0,4631;-0,0331;-2,8377;6,5428;20,1203;1837,0;1837,0
IMA-B;2021-04-22;7948,028506;0,6392;0,6058;-2,2166;6,992;20,7272;1847,0;1847,0
IMA-B;2021-04-23;7963,129658;0,19;0,797;-2,0309;8,4946;20,3506;1846,0;1846,0
IMA-B;2021-04-26;7971,627801;0,1067;0,9045;-1,9263;13,0085;20,038;1846,0;1846,0
IMA-B;2021-04-27;7968,892515;-0,0343;0,8699;-1,96;12,8517;19,9969;1840,0;1840,0
IMA-B;2021-04-28;7983,726406;0,1861;1,0577;-1,7775;10,3817;20,2202;1841,0;1841,0
IMA-B;2021-04-29;7985,768769;0,0256;1,0835;-1,7523;9,839;20,331;1840,0;1840,0
IMA-B;2021-04-30;7951,603647;-0,4278;0,6511;-2,1727;9,6631;19,4616;1831,0;1831,0
IMA-B;2021-05-03;7943,620227;-0,1004;-0,1004;-2,2709;9,553;18,9313;1829,0;1829,0
IMA-B;2021-05-04;7896,926967;-0,5878;-0,6876;-2,8453;9,0117;18,2322;1816,0;1816,0
IMA-B;2021-05-05;7900,458756;0,0447;-0,6432;-2,8019;8,9213;18,2851;1814,0;1814,0
IMA-B;2021-05-06;7910,684287;0,1294;-0,5146;-2,6761;9,1158;18,4403;1812,0;1812,0
IMA-B;2021-05-07;7942,771664;0,4056;-0,1111;-2,2813;10,3786;18,9944;1822,0;1822,0
IMA-B;2021-05-10;7949,717075;0,0874;-0,0237;-2,1959;10,0005;18,0412;1825,0;1825,0
IMA-B;2021-05-11;7984,20578;0,4338;0,41;-1,7716;10,647;18,5533;1830,0;1830,0
IMA-B;2021-05-12;7958,120983;-0,3267;0,082;-2,0925;11,2107;18,166;1823,0;1823,0
IMA-B;2021-05-13;7968,12108;0,1257;0,2077;-1,9694;11,8574;18,5026;1826,0;1826,0
IMA-B;2021-05-14;7971,067134;0,037;0,2448;-1,9332;11,2566;18,0939;1827,0;1827,0
IMA-B;2021-05-17;8008,848064;0,474;0,7199;-1,4684;11,4221;19,7411;1855,0;1855,0
IMA-B;2021-05-18;7953,852539;-0,6867;0,0283;-2,145;9,9512;18,9188;1921,0;1921,0
IMA-B;2021-05-19;7955,412693;0,0196;0,0479;-2,1258;9,7077;18,9422;1923,0;1923,0
IMA-B;2021-05-20;7985,591705;0,3794;0,4274;-1,7545;9,7241;18,9506;1927,0;1927,0
IMA-B;2021-05-21;7992,680539;0,0888;0,5166;-1,6673;9,4136;18,5377;1926,0;1926,0
IMA-B;2021-05-24;7977,827884;-0,1858;0,3298;-1,85;9,4025;18,0072;1920,0;1920,0
IMA-B;2021-05-25;7973,758102;-0,051;0,2786;-1,9001;7,9997;17,947;1920,0;1920,0
IMA-B;2021-05-26;7986,83001;0,1639;0,443;-1,7393;8,5086;18,1403;1923,0;1923,0
IMA-B;2021-05-27;8017,374635;0,3824;0,8271;-1,3635;8,8606;18,3564;1930,0;1930,0
IMA-B;2021-05-28;8046,04863;0,3576;1,1877;-1,0107;9,3876;18,003;1932,0;1932,0
IMA-B;2021-05-31;8035,734841;-0,1282;1,058;-1,1376;9,1658;16,4585;1929,0;1929,0
IMA-B;2021-06-01;8061,693743;0,323;0,323;-0,8182;9,5913;16,8347;1935,0;1935,0
IMA-B;2021-06-02;8105,615745;0,5448;0,8696;-0,2779;9,3975;17,4712;1947,0;1947,0
IMA-B;2021-06-04;8141,112328;0,4379;1,3114;0,1588;9,1971;17,3322;1956,0;1956,0
IMA-B;2021-06-07;8123,109625;-0,2211;1,0873;-0,0626;8,7192;16,723;1951,0;1951,0
IMA-B;2021-06-08;8135,508763;0,1526;1,2416;0,0899;8,6425;16,9012;1953,0;1953,0
IMA-B;2021-06-09;8137,922619;0,0297;1,2717;0,1196;8,8399;16,9359;1952,0;1952,0
IMA-B;2021-06-10;8116,828252;-0,2592;1,0092;-0,1399;8,3176;16,4878;1947,0;1947,0
IMA-B;2021-06-11;8096,494784;-0,2505;0,7561;-0,3901;8,0462;15,8827;1941,0;1941,0
IMA-B;2021-06-14;8112,296739;0,1952;0,9528;-0,1957;8,3714;16,0846;1945,0;1945,0
IMA-B;2021-06-15;8101,538775;-0,1326;0,8189;-0,328;8,4091;15,9306;1942,0;1942,0
IMA-B;2021-06-16;8102,194351;0,0081;0,827;-0,32;8,7778;15,94;1921,0;1921,0
IMA-B;2021-06-17;8043,726231;-0,7216;0,0994;-1,0393;7,4503;14,9124;1914,0;1914,0
IMA-B;2021-06-18;8007,329218;-0,4525;-0,3535;-1,4871;7,4491;14,0692;1903,0;1903,0
IMA-B;2021-06-21;8038,571168;0,3902;0,0353;-1,1027;7,8612;13,1439;1905,0;1905,0
IMA-B;2021-06-22;8013,35958;-0,3136;-0,2784;-1,4129;8,131;12,789;1901,0;1901,0
IMA-B;2021-06-23;8030,916895;0,2191;-0,06;-1,1969;7,9058;13,0361;1904,0;1904,0
IMA-B;2021-06-24;8058,494589;0,3434;0,2832;-0,8576;8,6586;13,2025;1907,0;1907,0
IMA-B;2021-06-25;8050,727489;-0,0964;0,1866;-0,9531;7,7387;13,389;1900,0;1900,0
IMA-B;2021-06-28;8075,163313;0,3035;0,4907;-0,6525;8,3672;12,8168;1900,0;1900,0
IMA-B;2021-06-29;8074,809993;-0,0044;0,4863;-0,6569;7,7786;12,8119;1898,0;1898,0
IMA-B;2021-06-30;8069,511604;-0,0656;0,4203;-0,7221;7,4244;12,7378;1895,0;1895,0
IMA-B;2021-07-01;8068,264338;-0,0155;-0,0155;-0,7374;6,5707;12,4902;1894,0;1894,0
IMA-B;2021-07-02;8095,556348;0,3383;0,3228;-0,4016;6,8812;13,1535;1899,0;1899,0
IMA-B;2021-07-05;8089,729093;-0,072;0,2505;-0,4733;6,2565;12,7323;1895,0;1895,0
IMA-B;2021-07-06;8073,146338;-0,205;0,045;-0,6773;5,787;12,5012;1891,0;1891,0
IMA-B;2021-07-07;8099,274398;0,3236;0,3688;-0,3559;6,4203;12,8653;1897,0;1897,0
IMA-B;2021-07-08;8089,031292;-0,1265;0,2419;-0,4819;6,1998;12,3732;1894,0;1894,0
IMA-B;2021-07-09;8092,091122;0,0378;0,2798;-0,4443;5,797;12,4037;1893,0;1893,0
IMA-B;2021-07-12;8073,227707;-0,2331;0,0461;-0,6763;5,0398;11,7534;1888,0;1888,0
IMA-B;2021-07-13;8066,772733;-0,08;-0,0339;-0,7557;5,1036;11,664;1884,0;1884,0
IMA-B;2021-07-14;8100,530583;0,4185;0,3844;-0,3404;5,6751;12,1313;1890,0;1890,0
IMA-B;2021-07-15;8115,119319;0,1801;0,5652;-0,1609;5,8641;12,285;1892,0;1892,0
IMA-B;2021-07-16;8139,073649;0,2952;0,862;0,1338;6,0227;12,8113;1896,0;1896,0
IMA-B;2021-07-19;8141,101739;0,0249;0,8872;0,1587;5,3762;12,7269;1895,0;1895,0
IMA-B;2021-07-20;8165,258927;0,2967;1,1865;0,4559;5,7574;13,0614;1898,0;1898,0
IMA-B;2021-07-21;8166,148866;0,0109;1,1976;0,4669;5,6782;13,0737;1895,0;1895,0
IMA-B;2021-07-22;8171,243335;0,0624;1,2607;0,5295;5,5516;13,015;1895,0;1895,0
IMA-B;2021-07-23;8137,686581;-0,4107;0,8448;0,1167;5,254;12,1872;1887,0;1887,0
IMA-B;2021-07-26;8114,94355;-0,2795;0,563;-0,1631;4,6861;11,7081;1879,0;1879,0
IMA-B;2021-07-27;8084,123644;-0,3798;0,1811;-0,5423;3,8657;11,2838;1870,0;1870,0
IMA-B;2021-07-28;8081,441838;-0,0332;0,1478;-0,5753;3,9661;11,2469;1870,0;1870,0
IMA-B;2021-07-29;8091,803186;0,1282;0,2762;-0,4478;4,045;11,371;1869,0;1869,0
IMA-B;2021-07-30;8039,38181;-0,6478;-0,3734;-1,0927;2,5264;10,8895;1857,0;1857,0
IMA-B;2021-08-02;8043,069318;0,0459;0,0459;-1,0474;2,5735;10,8673;1858,0;1858,0
IMA-B;2021-08-03;8069,037557;0,3229;0,3689;-0,7279;2,7103;11,2253;1864,0;1864,0
IMA-B;2021-08-04;8062,16129;-0,0852;0,2833;-0,8125;2,9427;11,1305;1861,0;1861,0
IMA-B;2021-08-05;8009,36958;-0,6548;-0,3733;-1,462;2,6385;10,8812;1850,0;1850,0
IMA-B;2021-08-06;8015,058416;0,071;-0,3026;-1,392;2,3079;10,3115;1846,0;1846,0
IMA-B;2021-08-09;7977,997593;-0,4624;-0,7635;-1,8479;2,4046;8,992;1831,0;1831,0
IMA-B;2021-08-10;7984,702164;0,084;-0,6801;-1,7654;2,9305;9,0836;1829,0;1829,0
IMA-B;2021-08-11;7971,416774;-0,1664;-0,8454;-1,9289;2,9375;8,9021;1823,0;1823,0
IMA-B;2021-08-12;7935,05483;-0,4562;-1,2977;-2,3763;2,8716;8,6848;1811,0;1811,0
IMA-B;2021-08-13;7882,917015;-0,6571;-1,9462;-3,0177;2,5863;7,9727;1795,0;1795,0
IMA-B;2021-08-16;7857,239363;-0,3257;-2,2656;-3,3336;2,1994;7,5007;1813,0;1813,0
IMA-B;2021-08-17;7872,605686;0,1956;-2,0745;-3,1446;2,4016;7,711;1829,0;1829,0
IMA-B;2021-08-18;7808,407054;-0,8155;-2,873;-3,9344;0,5556;6,8326;1812,0;1812,0
IMA-B;2021-08-19;7837,080885;0,3672;-2,5164;-3,5816;1,3619;7,3878;1821,0;1821,0
IMA-B;2021-08-20;7877,505029;0,5158;-2,0135;-3,0843;1,6251;8,0485;1829,0;1829,0
IMA-B;2021-08-23;7845,428463;-0,4072;-2,4125;-3,4789;1,1761;7,6346;1819,0;1819,0
IMA-B;2021-08-24;7904,624074;0,7545;-1,6762;-2,7506;1,8624;8,4467;1835,0;1835,0
IMA-B;2021-08-25;7967,387963;0,794;-0,8955;-1,9785;2,7446;9,3078;1850,0;1850,0
IMA-B;2021-08-26;7963,077442;-0,0541;-0,9491;-2,0315;3,3632;9,7205;1845,0;1845,0
IMA-B;2021-08-27;7995,373556;0,4056;-0,5474;-1,6342;3,7562;10,5848;1849,0;1849,0
IMA-B;2021-08-30;7984,891431;-0,1311;-0,6778;-1,7631;3,2661;10,5823;1841,0;1841,0
IMA-B;2021-08-31;7951,783869;-0,4146;-1,0896;-2,1704;3,2655;10,1238;1831,0;1831,0
IMA-B;2021-09-01;7963,085994;0,1421;0,1421;-2,0314;3,1599;10,2803;1832,0;1832,0
IMA-B;2021-09-02;7930,469244;-0,4096;-0,268;-2,4327;2,7145;10,1349;1823,0;1823,0
IMA-B;2021-09-03;7921,804923;-0,1093;-0,377;-2,5393;2,3303;9,6893;1818,0;1818,0
IMA-B;2021-09-06;7927,099951;0,0668;-0,3104;-2,4741;2,2751;9,2387;1816,0;1816,0
IMA-B;2021-09-08;7882,780244;-0,5591;-0,8678;-3,0194;2,0001;8,628;1803,0;1803,0
IMA-B;2021-09-09;7946,984663;0,8145;-0,0604;-2,2295;2,5631;9,5423;1820,0;1820,0
IMA-B;2021-09-10;7954,870703;0,0992;0,0388;-2,1325;3,1125;9,8118;1821,0;1821,0
IMA-B;2021-09-13;7971,434258;0,2082;0,2471;-1,9287;3,3827;9,7966;1824,0;1824,0
IMA-B;2021-09-14;7988,621074;0,2156;0,4633;-1,7172;3,4065;10,0333;1822,0;1822,0
IMA-B;2021-09-15;7998,145946;0,1192;0,583;-1,6001;3,8099;10,1645;1821,0;1821,0
IMA-B;2021-09-16;7983,773815;-0,1797;0,4023;-1,7769;3,9091;9,5844;1817,0;1817,0
IMA-B;2021-09-17;7967,684156;-0,2015;0,2;-1,9748;3,7407;8,8152;1809,0;1809,0
IMA-B;2021-09-20;7972,008502;0,0543;0,2543;-1,9216;5,1487;7,5955;1808,0;1808,0
IMA-B;2021-09-21;7992,423825;0,2561;0,5111;-1,6705;5,6408;7,8711;1809,0;1809,0
IMA-B;2021-09-22;7992,722537;0,0037;0,5148;-1,6668;4,9057;7,8751;1808,0;1808,0
IMA-B;2021-09-23;7967,266783;-0,3185;0,1947;-1,98;5,1332;7,6658;1799,0;1799,0
IMA-B;2021-09-24;7966,630073;-0,008;0,1867;-1,9878;4,1787;7,8825;1796,0;1796,0
IMA-B;2021-09-27;7967,34624;0,009;0,1957;-1,979;4,3607;7,2754;1794,0;1794,0
IMA-B;2021-09-28;7959,191305;-0,1024;0,0932;-2,0793;5,6688;7,1656;1788,0;1788,0
IMA-B;2021-09-29;7966,04161;0,0861;0,1793;-1,995;5,6157;7,2579;1787,0;1787,0
IMA-B;2021-09-30;7941,203634;-0,3118;-0,1331;-2,3006;4,7111;6,9181;1778,0;1778,0
IMA-B;2021-10-01;7974,952617;0,425;0,425;-1,8854;5,0499;7,3131;1785,0;1785,0
IMA-B;2021-10-04;7961,625553;-0,1671;0,2572;-2,0494;5,7047;7,0009;1780,0;1780,0
IMA-B;2021-10-05;7947,923677;-0,1721;0,0846;-2,2179;4,9797;6,8168;1773,0;1773,0
IMA-B;2021-10-06;7968,411052;0,2578;0,3426;-1,9659;5,4128;7,0921;1773,0;1773,0
IMA-B;2021-10-07;7956,152495;-0,1538;0,1882;-2,1167;5,2288;7,1723;1769,0;1769,0
IMA-B;2021-10-08;7977,473045;0,268;0,4567;-1,8544;5,0908;7,5428;1772,0;1772,0
IMA-B;2021-10-11;7959,550037;-0,2247;0,231;-2,0749;4,4685;5,8901;1764,0;1764,0
IMA-B;2021-10-13;7963,302117;0,0471;0,2783;-2,0287;4,4907;5,94;1763,0;1763,0
IMA-B;2021-10-14;7954,383624;-0,112;0,166;-2,1385;4,264;5,4918;1759,0;1759,0
IMA-B;2021-10-15;7931,138845;-0,2922;-0,1267;-2,4244;4,3161;5,4529;1752,0;1752,0
IMA-B;2021-10-18;7916,211862;-0,1882;-0,3147;-2,6081;4,0409;4,2165;1741,0;1741,0
IMA-B;2021-10-19;7868,854367;-0,5982;-0,9111;-3,1907;3,0371;3,593;1732,0;1732,0
IMA-B;2021-10-20;7848,489963;-0,2588;-1,1675;-3,4412;2,4868;3,3249;1723,0;1723,0
IMA-B;2021-10-21;7803,477688;-0,5735;-1,7343;-3,995;1,8598;2,7309;1711,0;1711,0
IMA-B;2021-10-22;7788,072219;-0,1974;-1,9283;-4,1846;1,9388;2,8091;1709,0;1709,0
IMA-B;2021-10-25;7743,081052;-0,5777;-2,4949;-4,7381;1,5881;1,5087;1701,0;1701,0
IMA-B;2021-10-26;7715,423824;-0,3572;-2,8431;-5,0783;1,2392;1,1461;1693,0;1693,0
IMA-B;2021-10-27;7738,933351;0,3047;-2,5471;-4,7891;1,7426;1,4543;1698,0;1698,0
IMA-B;2021-10-28;7650,641771;-1,1409;-3,6589;-5,8753;0,5886;0,0949;1678,0;1678,0
IMA-B;2021-10-29;7739,164845;1,1571;-2,5442;-4,7863;1,8312;0,808;1698,0;1698,0
IMA-B;2021-11-01;7721,679756;-0,2259;-0,2259;-5,0014;1,6011;0,2816;1692,0;1692,0
IMA-B;2021-11-03;7866,958225;1,8814;1,6513;-3,214;3,5332;2,1683;1731,0;1731,0
IMA-B;2021-11-04;7831,714822;-0,448;1,1959;-3,6476;2,7504;1,7357;1718,0;1718,0
IMA-B;2021-11-05;7823,181112;-0,109;1,0856;-3,7526;2,1298;1,6919;1711,0;1711,0
IMA-B;2021-11-08;7833,235369;0,1285;1,2155;-3,6289;1,6525;3,0085;1713,0;1713,0
IMA-B;2021-11-09;7870,848341;0,4802;1,7015;-3,1662;1,7422;3,5031;1719,0;1719,0
IMA-B;2021-11-10;7874,556986;0,0471;1,7494;-3,1205;2,1429;3,5519;1714,0;1714,0
IMA-B;2021-11-11;7893,257885;0,2375;1,9911;-2,8905;2,773;3,7792;1714,0;1714,0
IMA-B;2021-11-12;7930,018343;0,4657;2,4661;-2,4382;3,5468;4,7381;1719,0;1719,0
IMA-B;2021-11-16;7909,246365;-0,2619;2,1977;-2,6938;2,9266;4,3875;1731,0;1731,0
IMA-B;2021-11-17;7906,733238;-0,0318;2,1652;-2,7247;2,7759;4,3543;1726,0;1726,0
IMA-B;2021-11-18;7911,04649;0,0546;2,2209;-2,6716;3,0788;4,4776;1725,0;1725,0
IMA-B;2021-11-19;7939,80471;0,3635;2,5925;-2,3178;3,4258;4,8975;1728,0;1728,0
IMA-B;2021-11-22;7915,056299;-0,3117;2,2727;-2,6223;3,459;4,729;1722,0;1722,0
IMA-B;2021-11-23;7932,121522;0,2156;2,4932;-2,4123;3,7988;4,9548;1723,0;1723,0
IMA-B;2021-11-24;7951,812251;0,2482;2,7477;-2,1701;3,7948;5,2154;1723,0;1723,0
IMA-B;2021-11-25;7947,041751;-0,06;2,686;-2,2288;3,4417;5,3771;1720,0;1720,0
IMA-B;2021-11-26;7958,711091;0,1468;2,8368;-2,0852;3,2611;6,0551;1718,0;1718,0
IMA-B;2021-11-29;7981,448623;0,2857;3,1306;-1,8055;3,0371;6,58;1720,0;1720,0
IMA-B;2021-11-30;8007,442218;0,3257;3,4665;-1,4857;3,2955;6,9271;1725,0;1725,0
IMA-B;2021-12-01;7980,886525;-0,3316;-0,3316;-1,8124;2,1871;6,5725;1716,0;1716,0
IMA-B;2021-12-02;8005,522484;0,3087;-0,024;-1,5093;2,1919;7,1314;1720,0;1720,0
IMA-B;2021-12-03;8057,474475;0,649;0,6248;-0,8701;1,9521;7,4895;1728,0;1728,0
IMA-B;2021-12-06;8047,633341;-0,1221;0,5019;-0,9912;1,7786;6,3428;1727,0;1727,0
IMA-B;2021-12-07;8061,356756;0,1705;0,6733;-0,8224;2,0553;6,5241;1732,0;1732,0
IMA-B;2021-12-08;8090,663522;0,3635;1,0393;-0,4618;2,1726;6,9114;1737,0;1737,0
IMA-B;2021-12-09;8090,609871;-0,0007;1,0386;-0,4625;2,1281;6,7077;1741,0;1741,0
IMA-B;2021-12-10;8128,93756;0,4737;1,5173;0,0091;2,0824;6,9706;1750,0;1750,0
IMA-B;2021-12-13;8100,073364;-0,3551;1,1568;-0,3461;1,2692;5,925;1741,0;1741,0
IMA-B;2021-12-14;8093,682065;-0,0789;1,077;-0,4247;1,2084;5,8414;1737,0;1737,0
IMA-B;2021-12-15;8080,802306;-0,1591;0,9161;-0,5831;0,7519;5,673;1729,0;1729,0
IMA-B;2021-12-16;8042,336775;-0,476;0,4358;-1,0564;0,3205;5,494;1712,0;1712,0
IMA-B;2021-12-17;8019,879018;-0,2792;0,1553;-1,3327;-0,0658;5,8725;1705,0;1705,0
IMA-B;2021-12-20;8030,436391;0,1316;0,2872;-1,2028;-0,0688;6,7935;1706,0;1706,0
IMA-B;2021-12-21;8044,485481;0,1749;0,4626;-1,0299;0,103;6,9804;1704,0;1704,0
IMA-B;2021-12-22;8051,219061;0,0837;0,5467;-0,9471;0,0;7,0699;1703,0;1703,0
IMA-B;2021-12-23;8040,972655;-0,1273;0,4187;-1,0732;-0,2342;6,5928;1697,0;1697,0
IMA-B;2021-12-24;8043,342681;0,0295;0,4483;-1,044;-0,27;6,5579;1696,0;1696,0
IMA-B;2021-12-27;8040,76191;-0,0321;0,4161;-1,0758;-0,302;5,9251;1691,0;1691,0
IMA-B;2021-12-28;8039,453343;-0,0163;0,3998;-1,0919;-0,3235;5,9079;1688,0;1688,0
IMA-B;2021-12-29;8005,469053;-0,4227;-0,0246;-1,51;-1,2787;5,4602;1676,0;1676,0
IMA-B;2021-12-30;8021,617439;0,2017;0,177;-1,3113;-1,2468;5,0754;1679,0;1679,0
IMA-B;2021-12-31;8025,440731;0,0477;0,2248;-1,2642;-1,2642;5,0604;1678,0;1678,0
IMA-B;2022-01-03;8019,964171;-0,0682;-0,0682;-0,0682;-1,3316;5,3111;1675,0;1675,0
IMA-B;2022-01-04;8000,048155;-0,2483;-0,3164;-0,3164;-1,6187;5,0496;1670,0;1670,0
IMA-B;2022-01-05;7971,945791;-0,3513;-0,6666;-0,6666;-1,8002;4,6806;1661,0;1661,0
IMA-B;2022-01-06;7944,562279;-0,3435;-1,0078;-1,0078;-1,8493;4,7998;1652,0;1652,0
IMA-B;2022-01-07;7916,961135;-0,3474;-1,3517;-1,3517;-1,6917;4,3736;1643,0;1643,0
IMA-B;2022-01-10;7907,359643;-0,1213;-1,4713;-1,4713;-1,8215;3,6707;1635,0;1635,0
IMA-B;2022-01-11;7885,416868;-0,2775;-1,7447;-1,7447;-1,4332;3,383;1626,0;1626,0
IMA-B;2022-01-12;7919,873735;0,437;-1,3154;-1,3154;-1,6354;3,8348;1632,0;1632,0
IMA-B;2022-01-13;7927,405966;0,0951;-1,2215;-1,2215;-1,2734;4,1565;1633,0;1633,0
IMA-B;2022-01-14;7935,985409;0,1082;-1,1146;-1,1146;-1,5905;3,8704;1633,0;1633,0
IMA-B;2022-01-17;7902,364606;-0,4237;-1,5336;-1,5336;-1,7832;3,3777;1624,0;1624,0
IMA-B;2022-01-18;7901,791875;-0,0072;-1,5407;-1,5407;-1,731;3,3702;1624,0;1624,0
IMA-B;2022-01-19;7941,855933;0,507;-1,0415;-1,0415;-0,9622;3,8943;1632,0;1632,0
IMA-B;2022-01-20;7973,143144;0,394;-0,6516;-0,6516;-0,4775;4,5324;1637,0;1637,0
IMA-B;2022-01-21;7960,520346;-0,1583;-0,8089;-0,8089;-0,3321;4,4023;1634,0;1634,0
IMA-B;2022-01-24;7973,330768;0,1609;-0,6493;-0,6493;0,1806;4,1133;1634,0;1634,0
IMA-B;2022-01-25;7967,631566;-0,0715;-0,7203;-0,7203;0,0865;4,0389;1632,0;1632,0
IMA-B;2022-01-26;7958,503444;-0,1146;-0,8341;-0,8341;-0,2628;3,9197;1628,0;1628,0
IMA-B;2022-01-27;7947,280629;-0,141;-0,9739;-0,9739;-0,6346;3,895;1626,0;1626,0
IMA-B;2022-01-28;7958,512948;0,1413;-0,8339;-0,8339;-0,8647;3,859;1627,0;1627,0
IMA-B;2022-01-31;7966,526796;0,1007;-0,7341;-0,7341;-1,1474;4,0173;1630,0;1630,0
IMA-B;2022-02-01;7988,865024;0,2804;0,2804;-0,4557;-0,7774;4,3089;1634,0;1634,0
IMA-B;2022-02-02;8022,47254;0,4207;0,7023;-0,037;-1,1012;4,7478;1642,0;1642,0
IMA-B;2022-02-03;8054,420695;0,3982;1,1033;0,3611;-0,9227;4,9329;1642,0;1642,0
IMA-B;2022-02-04;8029,736632;-0,3065;0,7934;0,0535;-0,9876;4,4784;1634,0;1634,0
IMA-B;2022-02-07;8041,682645;0,1488;0,9434;0,2024;-0,9195;4,4979;1635,0;1635,0
IMA-B;2022-02-08;8014,875182;-0,3334;0,6069;-0,1317;-1,2163;4,1496;1626,0;1626,0
IMA-B;2022-02-09;7992,005372;-0,2853;0,3198;-0,4166;-1,1904;3,8524;1622,0;1622,0
IMA-B;2022-02-10;7983,135754;-0,111;0,2085;-0,5271;-1,5176;3,3936;1617,0;1617,0
IMA-B;2022-02-11;7977,946954;-0,065;0,1434;-0,5918;-1,5851;3,0062;1615,0;1615,0
IMA-B;2022-02-14;7991,856774;0,1744;0,318;-0,4185;-1,3578;2,3743;1615,0;1615,0
IMA-B;2022-02-15;8013,299129;0,2683;0,5871;-0,1513;-1,0932;2,649;1641,0;1641,0
IMA-B;2022-02-16;8019,144719;0,0729;0,6605;-0,0785;-1,021;2,7239;1643,0;1643,0
IMA-B;2022-02-17;8000,028606;-0,2384;0,4205;-0,3166;-0,9969;2,7208;1636,0;1636,0
IMA-B;2022-02-18;7995,285525;-0,0593;0,361;-0,3757;-1,1411;2,7027;1633,0;1633,0
IMA-B;2022-02-21;8000,905473;0,0703;0,4315;-0,3057;-0,8844;3,1595;1632,0;1632,0
IMA-B;2022-02-22;7986,300489;-0,1825;0,2482;-0,4877;-0,3291;2,9712;1627,0;1627,0
IMA-B;2022-02-23;8002,682042;0,2051;0,4538;-0,2836;-0,0061;3,1824;1629,0;1629,0
IMA-B;2022-02-24;8000,985728;-0,0212;0,4325;-0,3047;0,2743;3,1605;1626,0;1626,0
IMA-B;2022-02-25;8009,906914;0,1115;0,5445;-0,1936;0,9217;4,1158;1626,0;1626,0
IMA-B;2022-03-02;8009,560607;-0,0043;-0,0043;-0,1979;1,5712;3,3068;1622,0;1622,0
IMA-B;2022-03-03;8007,861573;-0,0212;-0,0255;-0,219;1,3776;3,0932;1619,0;1619,0
IMA-B;2022-03-04;7990,682759;-0,2145;-0,24;-0,4331;0,2245;2,7004;1613,0;1613,0
IMA-B;2022-03-07;7970,016961;-0,2586;-0,498;-0,6906;-0,9325;3,3185;1605,0;1605,0
IMA-B;2022-03-08;7960,279918;-0,1222;-0,6196;-0,8119;-0,4585;3,1923;1598,0;1598,0
IMA-B;2022-03-09;7993,184019;0,4134;-0,2088;-0,4019;0,2753;5,9247;1602,0;1602,0
IMA-B;2022-03-10;8000,599887;0,0928;-0,1162;-0,3095;0,2073;5,8397;1601,0;1601,0
IMA-B;2022-03-11;8003,953758;0,0419;-0,0743;-0,2677;0,0086;10,5979;1595,0;1595,0
IMA-B;2022-03-14;7983,206057;-0,2592;-0,3333;-0,5263;0,0262;9,6856;1588,0;1588,0
IMA-B;2022-03-15;8001,114338;0,2243;-0,1098;-0,3031;0,1887;9,9316;1589,0;1589,0
IMA-B;2022-03-16;8003,096901;0,0248;-0,085;-0,2784;0,1047;10,8129;1588,0;1588,0
IMA-B;2022-03-17;8036,449241;0,4167;0,3314;0,1372;0,4407;10,5748;1589,0;1589,0
IMA-B;2022-03-18;8077,1734;0,5067;0,8398;0,6446;1,2373;15,6253;1596,0;1596,0
IMA-B;2022-03-21;8084,668163;0,0928;0,9334;0,738;2,1375;16,0771;1594,0;1594,0
IMA-B;2022-03-22;8116,937827;0,3991;1,3362;1,1401;2,9235;16,5404;1597,0;1597,0
IMA-B;2022-03-23;8145,971633;0,3577;1,6987;1,5019;3,6661;19,5049;1602,0;1602,0
IMA-B;2022-03-24;8244,984324;1,2155;2,9348;2,7356;5,1926;19,1067;1621,0;1621,0
IMA-B;2022-03-25;8291,49363;0,5641;3,5155;3,3151;5,5587;17,407;1629,0;1629,0
IMA-B;2022-03-28;8285,739204;-0,0694;3,4436;3,2434;5,2194;15,9518;1624,0;1624,0
IMA-B;2022-03-29;8273,302369;-0,1501;3,2884;3,0884;5,1742;15,7778;1621,0;1621,0
IMA-B;2022-03-30;8252,130385;-0,2559;3,024;2,8246;4,7051;15,1428;1616,0;1616,0
IMA-B;2022-03-31;8255,885296;0,0455;3,0709;2,8714;4,5027;15,3559;1616,0;1616,0
IMA-B;2022-04-01;8315,395202;0,7208;0,7208;3,6129;5,2831;16,8861;1626,0;1626,0
IMA-B;2022-04-04;8330,830825;0,1856;0,9078;3,8053;5,4785;18,4458;1629,0;1629,0
IMA-B;2022-04-05;8301,605153;-0,3508;0,5538;3,4411;5,2398;18,0303;1621,0;1621,0
IMA-B;2022-04-06;8307,75262;0,0741;0,6282;3,5177;5,4897;17,6543;1619,0;1619,0
IMA-B;2022-04-07;8322,500308;0,1775;0,8069;3,7015;5,7609;17,4901;1621,0;1621,0
IMA-B;2022-04-08;8308,488244;-0,1684;0,6372;3,5269;4,84;16,8383;1611,0;1611,0
IMA-B;2022-04-11;8252,306652;-0,6762;-0,0433;2,8268;4,6616;15,3221;1595,0;1595,0
IMA-B;2022-04-12;8261,457593;0,1109;0,0675;2,9409;4,7356;15,45;1596,0;1596,0
IMA-B;2022-04-13;8281,652355;0,2444;0,3121;3,1925;5,4379;15,5794;1597,0;1597,0
IMA-B;2022-04-14;8281,024472;-0,0076;0,3045;3,1847;5,2121;14,8033;1591,0;1591,0
IMA-B;2022-04-18;8308,126448;0,3273;0,6328;3,5224;4,8643;12,6173;1592,0;1592,0
IMA-B;2022-04-19;8302,171579;-0,0717;0,5606;3,4482;4,6366;12,5366;1591,0;1591,0
IMA-B;2022-04-20;8311,159316;0,1083;0,6695;3,5602;5,2372;12,1227;1591,0;1591,0
IMA-B;2022-04-22;8294,7372;-0,1976;0,4706;3,3555;4,3622;11,6592;1583,0;1583,0
IMA-B;2022-04-25;8309,870597;0,1824;0,6539;3,5441;4,3543;17,8035;1585,0;1585,0
IMA-B;2022-04-26;8289,367641;-0,2467;0,4056;3,2886;3,9859;17,5129;1578,0;1578,0
IMA-B;2022-04-27;8307,904733;0,2236;0,6301;3,5196;4,2542;17,6527;1578,0;1578,0
IMA-B;2022-04-28;8326,369626;0,2223;0,8537;3,7497;4,2918;15,1191;1579,0;1579,0
IMA-B;2022-04-29;8324,496195;-0,0225;0,8311;3,7263;4,6895;14,8057;1577,0;1577,0
IMA-B;2022-05-02;8315,76758;-0,1049;-0,1049;3,6176;4,5798;14,6854;1573,0;1573,0
IMA-B;2022-05-03;8319,319795;0,0427;-0,0622;3,6618;4,7296;14,7344;1570,0;1570,0
IMA-B;2022-05-04;8368,696882;0,5935;0,531;4,2771;5,9741;15,5242;1578,0;1578,0
IMA-B;2022-05-05;8342,949582;-0,3077;0,2217;3,9563;5,6008;15,0218;1571,0;1571,0
IMA-B;2022-05-06;8326,264019;-0,2;0,0212;3,7484;5,2534;14,8481;1564,0;1564,0
IMA-B;2022-05-09;8330,678543;0,053;0,0743;3,8034;4,8838;15,2719;1564,0;1564,0
IMA-B;2022-05-10;8310,234494;-0,2454;-0,1713;3,5486;4,535;14,989;1557,0;1557,0
IMA-B;2022-05-11;8321,953368;0,141;-0,0305;3,6947;4,2302;15,3276;1553,0;1553,0
IMA-B;2022-05-12;8349,441276;0,3303;0,2997;4,0372;4,9172;16,6792;1560,0;1560,0
IMA-B;2022-05-13;8379,435853;0,3592;0,66;4,4109;5,162;17,6315;1563,0;1563,0
IMA-B;2022-05-16;8421,899155;0,5068;1,1701;4,94;5,6559;17,1686;1591,0;1591,0
IMA-B;2022-05-17;8414,8413;-0,0838;1,0853;4,8521;5,0693;17,0704;1590,0;1590,0
IMA-B;2022-05-18;8412,59982;-0,0266;1,0584;4,8241;5,7676;16,2928;1589,0;1589,0
IMA-B;2022-05-19;8413,036594;0,0052;1,0636;4,8296;5,7524;16,0185;1591,0;1591,0
IMA-B;2022-05-20;8417,607214;0,0543;1,1185;4,8865;5,4099;15,6601;1591,0;1591,0
IMA-B;2022-05-23;8414,443992;-0,0376;1,0805;4,8471;5,2769;15,39;1589,0;1589,0
IMA-B;2022-05-24;8373,884449;-0,482;0,5933;4,3417;4,9645;14,8338;1577,0;1577,0
IMA-B;2022-05-25;8383,529883;0,1152;0,7092;4,4619;5,139;13,5498;1580,0;1580,0
IMA-B;2022-05-26;8405,85282;0,2663;0,9773;4,7401;5,2464;14,2015;1583,0;1583,0
IMA-B;2022-05-27;8399,696209;-0,0732;0,9034;4,6634;4,7687;14,0518;1583,0;1583,0
IMA-B;2022-05-30;8366,022359;-0,4009;0,4988;4,2438;3,9768;13,6528;1573,0;1573,0
IMA-B;2022-05-31;8404,822542;0,4638;0,9649;4,7272;4,5931;14,1799;1578,0;1578,0
IMA-B;2022-06-01;8397,358049;-0,0888;-0,0888;4,6342;4,1637;14,1544;1571,0;1571,0
IMA-B;2022-06-02;8398,692354;0,0159;-0,0729;4,6509;3,6157;13,353;1569,0;1569,0
IMA-B;2022-06-03;8415,965499;0,2057;0,1326;4,8661;3,8288;12,8779;1570,0;1570,0
IMA-B;2022-06-06;8418,886147;0,0347;0,1673;4,9025;3,412;12,6779;1568,0;1568,0
IMA-B;2022-06-07;8391,937397;-0,3201;-0,1533;4,5667;3,3094;12,3172;1564,0;1564,0
IMA-B;2022-06-08;8398,990358;0,084;-0,0694;4,6546;3,2387;12,1611;1566,0;1566,0
IMA-B;2022-06-09;8409,967946;0,1307;0,0612;4,7914;3,3429;12,4784;1570,0;1570,0
IMA-B;2022-06-10;8414,006489;0,048;0,1093;4,8417;3,6613;12,2833;1567,0;1567,0
IMA-B;2022-06-13;8389,826651;-0,2874;-0,1784;4,5404;3,6229;12,0789;1560,0;1560,0
IMA-B;2022-06-14;8375,102686;-0,1755;-0,3536;4,3569;3,2396;11,8822;1555,0;1555,0
IMA-B;2022-06-15;8438,726397;0,7597;0,4034;5,1497;4,162;12,9211;1565,0;1565,0
IMA-B;2022-06-17;8454,505381;0,187;0,5911;5,3463;5,1068;12,9376;1568,0;1568,0
IMA-B;2022-06-20;8429,813825;-0,2921;0,2973;5,0386;5,2762;13,1109;1559,0;1559,0
IMA-B;2022-06-21;8404,874349;-0,2958;0,0006;4,7279;4,5568;12,7762;1553,0;1553,0
IMA-B;2022-06-22;8404,612639;-0,0031;-0,0025;4,7246;4,8825;13,4105;1553,0;1553,0
IMA-B;2022-06-23;8421,164548;0,1969;0,1944;4,9309;4,8593;13,1493;1552,0;1552,0
IMA-B;2022-06-24;8405,64432;-0,1843;0,0098;4,7375;4,3079;13,3395;1545,0;1545,0
IMA-B;2022-06-27;8397,788651;-0,0935;-0,0837;4,6396;4,3109;12,6968;1543,0;1543,0
IMA-B;2022-06-28;8357,434115;-0,4805;-0,5638;4,1368;3,4955;12,1552;1534,0;1534,0
IMA-B;2022-06-29;8351,517026;-0,0708;-0,6342;4,063;3,4268;11,472;1531,0;1531,0
IMA-B;2022-06-30;8374,250266;0,2722;-0,3637;4,3463;3,7764;11,4812;1533,0;1533,0
IMA-B;2022-07-01;8355,023498;-0,2296;-0,2296;4,1067;3,5542;10,3584;1530,0;1530,0
IMA-B;2022-07-04;8337,903505;-0,2049;-0,434;3,8934;2,9936;9,5162;1525,0;1525,0
IMA-B;2022-07-05;8320,873191;-0,2043;-0,6374;3,6812;2,8573;9,2926;1521,0;1521,0
IMA-B;2022-07-06;8300,679362;-0,2427;-0,8785;3,4296;2,8184;8,7684;1514,0;1514,0
IMA-B;2022-07-07;8298,452135;-0,0268;-0,9051;3,4018;2,4592;9,0374;1509,0;1509,0
IMA-B;2022-07-08;8248,273972;-0,6047;-1,5043;2,7766;1,9686;8,2905;1495,0;1495,0
IMA-B;2022-07-11;8222,366135;-0,3141;-1,8137;2,4538;1,6099;6,9802;1487,0;1487,0
IMA-B;2022-07-12;8235,593794;0,1609;-1,6557;2,6186;2,0112;7,1523;1489,0;1489,0
IMA-B;2022-07-13;8252,711948;0,2079;-1,4513;2,8319;2,305;7,5262;1493,0;1493,0
IMA-B;2022-07-14;8267,7964;0,1828;-1,2712;3,0198;2,0649;7,8572;1500,0;1500,0
IMA-B;2022-07-15;8300,001372;0,3895;-0,8866;3,4211;2,2782;8,276;1507,0;1507,0
IMA-B;2022-07-18;8237,701774;-0,7506;-1,6306;2,6449;1,2118;6,6265;1491,0;1491,0
IMA-B;2022-07-19;8210,248579;-0,3333;-1,9584;2,3028;0,8494;6,2712;1485,0;1485,0
IMA-B;2022-07-20;8239,268133;0,3535;-1,6119;2,6644;0,9064;6,716;1489,0;1489,0
IMA-B;2022-07-21;8239,12785;-0,0017;-1,6135;2,6626;0,8937;6,6226;1488,0;1488,0
IMA-B;2022-07-22;8257,940637;0,2283;-1,3889;2,897;1,061;6,6715;1490,0;1490,0
IMA-B;2022-07-25;8252,305492;-0,0682;-1,4562;2,8268;1,4085;6,4581;1488,0;1488,0
IMA-B;2022-07-26;8228,693715;-0,2861;-1,7381;2,5326;1,4017;6,1535;1481,0;1481,0
IMA-B;2022-07-27;8244,375204;0,1906;-1,5509;2,728;1,9823;5,9246;1482,0;1482,0
IMA-B;2022-07-28;8272,762302;0,3443;-1,2119;3,0817;2,3674;6,4274;1483,0;1483,0
IMA-B;2022-07-29;8300,784254;0,3387;-0,8773;3,4309;3,2515;5,8601;1485,0;1485,0
IMA-B;2022-08-01;8304,680915;0,0469;0,0469;3,4794;3,3;5,9098;1484,0;1484,0
IMA-B;2022-08-02;8283,989933;-0,2491;-0,2023;3,2216;2,9954;5,6459;1478,0;1478,0
IMA-B;2022-08-03;8304,459811;0,2471;0,0443;3,4767;2,9176;5,707;1480,0;1480,0
IMA-B;2022-08-04;8407,354144;1,239;1,2839;4,7588;4,2816;7,3504;1501,0;1501,0
IMA-B;2022-08-05;8427,599313;0,2408;1,5277;5,011;5,2218;7,998;1506,0;1506,0
IMA-B;2022-08-08;8470,894872;0,5137;2,0493;5,5505;5,6873;8,7314;1517,0;1517,0
IMA-B;2022-08-09;8439,962668;-0,3652;1,6767;5,1651;5,7905;8,3344;1510,0;1510,0
IMA-B;2022-08-10;8440,058595;0,0011;1,6778;5,1663;5,7029;8,8005;1511,0;1511,0
IMA-B;2022-08-11;8416,40423;-0,2803;1,3929;4,8716;5,5823;8,6837;1506,0;1506,0
IMA-B;2022-08-12;8469,668844;0,6329;2,0346;5,5352;6,7374;9,8025;1520,0;1520,0
IMA-B;2022-08-15;8516,616723;0,5543;2,6001;6,1202;8,0389;10,7759;1556,0;1556,0
IMA-B;2022-08-16;8468,771822;-0,5618;2,0238;5,5241;7,783;10,1536;1725,0;1725,0
IMA-B;2022-08-17;8458,14532;-0,1255;1,8957;5,3917;7,4377;10,0179;1724,0;1724,0
IMA-B;2022-08-18;8457,341957;-0,0095;1,8861;5,3817;8,3107;8,9125;1721,0;1721,0
IMA-B;2022-08-19;8439,302785;-0,2133;1,6687;5,1569;7,6843;9,1508;1715,0;1715,0
IMA-B;2022-08-22;8421,971045;-0,2054;1,4599;4,9409;6,9117;8,6113;1711,0;1711,0
IMA-B;2022-08-23;8458,480088;0,4335;1,8998;5,3958;7,8141;9,0822;1718,0;1718,0
IMA-B;2022-08-24;8450,448932;-0,0949;1,803;5,2958;6,9051;8,8961;1715,0;1715,0
IMA-B;2022-08-25;8409,658285;-0,4827;1,3116;4,7875;5,551;8,448;1706,0;1706,0
IMA-B;2022-08-26;8421,128523;0,1364;1,4498;4,9304;5,7522;9,3089;1708,0;1708,0
IMA-B;2022-08-29;8380,627161;-0,4809;0,9619;4,4258;4,8185;8,384;1698,0;1698,0
IMA-B;2022-08-30;8385,553053;0,0588;1,0212;4,4871;5,0177;8,4477;1701,0;1701,0
IMA-B;2022-08-31;8392,501782;0,0829;1,1049;4,5737;5,5424;8,9888;1700,0;1700,0
IMA-B;2022-09-01;8448,889287;0,6719;0,6719;5,2763;6,1007;9,4533;1713,0;1713,0
IMA-B;2022-09-02;8464,291517;0,1823;0,8554;5,4682;6,7313;9,6285;1715,0;1715,0
IMA-B;2022-09-05;8455,621626;-0,1024;0,7521;5,3602;6,7386;9,0941;1713,0;1713,0
IMA-B;2022-09-06;8421,773203;-0,4003;0,3488;4,9385;6,2403;8,6574;1707,0;1707,0
IMA-B;2022-09-08;8450,494462;0,341;0,691;5,2963;7,202;9,3461;1712,0;1712,0
IMA-B;2022-09-09;8452,850804;0,0279;0,7191;5,3257;6,3655;9,0918;1710,0;1710,0
IMA-B;2022-09-12;8432,092484;-0,2456;0,4717;5,067;5,9991;9,357;1705,0;1705,0
IMA-B;2022-09-13;8414,526836;-0,2083;0,2624;4,8482;5,5585;9,1292;1699,0;1699,0
IMA-B;2022-09-14;8414,09312;-0,0052;0,2573;4,8428;5,326;8,914;1695,0;1695,0
IMA-B;2022-09-15;8390,412633;-0,2814;-0,0249;4,5477;4,9045;8,9013;1691,0;1691,0
IMA-B;2022-09-16;8417,406919;0,3217;0,2968;4,884;5,4314;9,5528;1695,0;1695,0
IMA-B;2022-09-19;8443,28433;0,3074;0,6051;5,2065;5,9691;11,3647;1701,0;1701,0
IMA-B;2022-09-20;8453,280418;0,1184;0,7242;5,331;6,037;11,4966;1703,0;1703,0
IMA-B;2022-09-21;8474,042125;0,2456;0,9716;5,5897;6,0259;12,0067;1705,0;1705,0
IMA-B;2022-09-22;8519,40904;0,5354;1,5122;6,155;6,5896;11,8185;1710,0;1710,0
IMA-B;2022-09-23;8493,223991;-0,3074;1,2001;5,8288;6,6015;12,0735;1707,0;1707,0
IMA-B;2022-09-26;8457,0785;-0,4256;0,7695;5,3784;6,1563;10,7755;1699,0;1699,0
IMA-B;2022-09-27;8472,946759;0,1876;0,9585;5,5761;6,3459;10,9833;1701,0;1701,0
IMA-B;2022-09-28;8453,714205;-0,227;0,7294;5,3364;6,2132;12,2343;1697,0;1697,0
IMA-B;2022-09-29;8469,17616;0,1829;0,9136;5,5291;6,316;12,2864;1699,0;1699,0
IMA-B;2022-09-30;8516,628582;0,5603;1,479;6,1204;7,2461;12,2985;1711,0;1711,0
IMA-B;2022-10-03;8532,304384;0,1841;0,1841;6,3157;6,9888;13,2815;1713,0;1713,0
IMA-B;2022-10-04;8532,050006;-0,003;0,1811;6,3125;7,1647;13,2781;1712,0;1712,0
IMA-B;2022-10-05;8538,58236;0,0766;0,2578;6,3939;7,4316;12,7814;1710,0;1710,0
IMA-B;2022-10-06;8525,551313;-0,1526;0,1048;6,2316;6,9919;12,7831;1704,0;1704,0
IMA-B;2022-10-07;8511,670077;-0,1628;-0,0582;6,0586;6,9822;12,5761;1697,0;1697,0
IMA-B;2022-10-10;8505,872799;-0,0681;-0,1263;5,9864;6,6236;11,6389;1695,0;1695,0
IMA-B;2022-10-11;8498,221117;-0,09;-0,2161;5,891;6,7676;11,5385;1690,0;1690,0
IMA-B;2022-10-13;8502,533409;0,0507;-0,1655;5,9448;6,7715;11,5663;1688,0;1688,0
IMA-B;2022-10-14;8500,838976;-0,0199;-0,1854;5,9236;6,8699;11,4268;1684,0;1684,0
IMA-B;2022-10-17;8521,695469;0,2453;0,0595;6,1835;7,4461;11,9986;1688,0;1688,0
IMA-B;2022-10-18;8531,06427;0,1099;0,1695;6,3003;7,767;12,1218;1688,0;1688,0
IMA-B;2022-10-19;8535,422041;0,0511;0,2207;6,3546;8,471;11,7653;1686,0;1686,0
IMA-B;2022-10-20;8542,197963;0,0794;0,3002;6,439;8,8387;11,5453;1685,0;1685,0
IMA-B;2022-10-21;8563,580933;0,2503;0,5513;6,7054;9,7406;11,7815;1689,0;1689,0
IMA-B;2022-10-24;8542,471839;-0,2465;0,3034;6,4424;9,6866;12,076;1681,0;1681,0
IMA-B;2022-10-25;8542,652847;0,0021;0,3056;6,4447;10,3263;12,0784;1679,0;1679,0
IMA-B;2022-10-26;8528,516774;-0,1655;0,1396;6,2685;10,5385;11,9083;1674,0;1674,0
IMA-B;2022-10-27;8550,146514;0,2536;0,3936;6,538;10,4822;12,4075;1674,0;1674,0
IMA-B;2022-10-28;8562,894216;0,1491;0,5432;6,6969;11,9239;12,5827;1675,0;1675,0
IMA-B;2022-10-31;8621,599291;0,6856;1,2325;7,4284;11,4022;13,4422;1684,0;1684,0
IMA-B;2022-11-01;8620,967294;-0,0073;-0,0073;7,4205;11,6463;13,4339;1683,0;1683,0
IMA-B;2022-11-03;8604,178488;-0,1947;-0,2021;7,2113;9,3711;13,2354;1677,0;1677,0
IMA-B;2022-11-04;8601,18418;-0,0348;-0,2368;7,174;9,825;12,8456;1673,0;1673,0
IMA-B;2022-11-07;8557,65525;-0,5061;-0,7417;6,6316;9,3884;11,0533;1661,0;1661,0
IMA-B;2022-11-08;8562,36102;0,055;-0,6871;6,6902;9,3081;11,1144;1661,0;1661,0
IMA-B;2022-11-09;8555,084841;-0,085;-0,7715;6,5996;8,6933;10,587;1660,0;1660,0
IMA-B;2022-11-10;8429,33205;-1,4699;-2,2301;5,0326;7,0452;9,3391;1630,0;1630,0
IMA-B;2022-11-11;8426,567141;-0,0328;-2,2621;4,9982;6,7565;9,7169;1632,0;1632,0
IMA-B;2022-11-14;8496,887134;0,8345;-1,4465;5,8744;7,1484;10,604;1643,0;1643,0
IMA-B;2022-11-16;8448,438846;-0,5702;-2,0084;5,2707;6,8172;9,9434;1651,0;1651,0
IMA-B;2022-11-17;8450,595574;0,0255;-1,9834;5,2976;6,8785;9,8453;1648,0;1648,0
IMA-B;2022-11-18;8419,321993;-0,3701;-2,3462;4,9079;6,4249;9,7015;1637,0;1637,0
IMA-B;2022-11-21;8433,884521;0,173;-2,1773;5,0894;6,2228;10,2406;1637,0;1637,0
IMA-B;2022-11-22;8389,74846;-0,5233;-2,6892;4,5394;5,9973;9,6637;1630,0;1630,0
IMA-B;2022-11-23;8357,508446;-0,3843;-3,0631;4,1377;5,3628;9,3654;1623,0;1623,0
IMA-B;2022-11-24;8409,754758;0,6251;-2,4571;4,7887;5,759;9,7723;1633,0;1633,0
IMA-B;2022-11-25;8365,80425;-0,5226;-2,9669;4,2411;5,2694;8,8925;1625,0;1625,0
IMA-B;2022-11-28;8394,851182;0,3472;-2,63;4,603;5,48;8,374;1629,0;1629,0
IMA-B;2022-11-29;8490,648102;1,1411;-1,5189;5,7967;6,3798;9,6107;1648,0;1648,0
IMA-B;2022-11-30;8553,241126;0,7372;-0,7929;6,5766;6,8161;10,3363;1660,0;1660,0
IMA-B;2022-12-01;8528,366965;-0,2908;-0,2908;6,2666;6,8599;9,197;1651,0;1651,0
IMA-B;2022-12-02;8551,63271;0,2728;-0,0188;6,5565;6,8217;9,1631;1653,0;1653,0
IMA-B;2022-12-05;8505,618407;-0,5381;-0,5568;5,9832;5,5618;7,5707;1639,0;1639,0
IMA-B;2022-12-06;8470,63059;-0,4113;-0,9658;5,5472;5,2562;7,1282;1627,0;1627,0
IMA-B;2022-12-07;8484,012616;0,158;-0,8094;5,714;5,243;7,406;1626,0;1626,0
IMA-B;2022-12-08;8474,123234;-0,1166;-0,925;5,5908;4,7395;7,0151;1621,0;1621,0
IMA-B;2022-12-09;8450,825106;-0,2749;-1,1974;5,3004;4,4523;6,6752;1616,0;1616,0
IMA-B;2022-12-12;8402,938922;-0,5666;-1,7573;4,7038;3,3707;5,0557;1607,0;1607,0
IMA-B;2022-12-13;8380,86118;-0,2627;-2,0154;4,4287;3,4665;4,7797;1602,0;1602,0
IMA-B;2022-12-14;8377,379573;-0,0415;-2,0561;4,3853;3,5052;4,756;1600,0;1600,0
IMA-B;2022-12-15;8392,13751;0,1762;-1,8835;4,5692;3,8528;4,6337;1599,0;1599,0
IMA-B;2022-12-16;8363,087772;-0,3462;-2,2232;4,2072;3,9883;4,3215;1591,0;1591,0
IMA-B;2022-12-19;8356,0722;-0,0839;-2,3052;4,1198;4,192;3,9834;1586,0;1586,0
IMA-B;2022-12-20;8396,382995;0,4824;-1,8339;4,6221;4,557;4,485;1589,0;1589,0
IMA-B;2022-12-21;8392,717313;-0,0437;-1,8768;4,5764;4,3288;4,4363;1586,0;1586,0
IMA-B;2022-12-22;8417,769979;0,2985;-1,5839;4,8886;4,5527;4,8014;1591,0;1591,0
IMA-B;2022-12-23;8458,59517;0,485;-1,1066;5,3973;5,1937;4,9474;1599,0;1599,0
IMA-B;2022-12-26;8462,254576;0,0433;-1,0638;5,4429;5,2082;4,9241;1599,0;1599,0
IMA-B;2022-12-27;8472,037218;0,1156;-0,9494;5,5648;5,3636;5,0454;1601,0;1601,0
IMA-B;2022-12-28;8527,065087;0,6495;-0,306;6,2504;6,0652;5,7221;1609,0;1609,0
IMA-B;2022-12-29;8532,900116;0,0684;-0,2378;6,3231;6,5884;5,2255;1609,0;1609,0
IMA-B;2022-12-30;8536,599187;0,0434;-0,1946;6,3692;6,3692;5,0245;1608,0;1608,0
